ProductID,Name,URL,cmi_code,GenericIngredient,IndicationAction
28250001,Allmercap,http://www.mydr.com.au/medicines/cmis/allmercap-oral-suspension,11285,"Mercaptopurine,Propoxyphene napsylate,Amino acids","Colony stimulating factor,Antineoplastic,Leukaemia,Cytotoxic,Antibiotic, penicillin (penicillinase sensitive),Vulvar carcinoma, prevention,Ulcer, aphthous"
40320001,"Allopurinol Sandoz",http://www.mydr.com.au/medicines/cmis/allopurinol-sandoz-tablets,09727,"Labetalol hydrochloride,Nitrofurantoin,Allopurinol,Digoxin","Gout,Uricosuric,Antibiotic, penicillin (penicillinase sensitive),Benzodiazepine antagonist,Pseudomembranous colitis, antibiotic associated,Xanthine oxidase inhibitor"
67460001,Allosig,http://www.mydr.com.au/medicines/cmis/allosig-tablets,06153,"Labetalol hydrochloride,Nitrofurantoin,Allopurinol,Digoxin","Gout,Antibiotic, penicillin (penicillinase sensitive),Benzodiazepine antagonist,Pseudomembranous colitis, antibiotic associated,Xanthine oxidase inhibitor"
4260001,Alodorm,http://www.mydr.com.au/medicines/cmis/alodorm-tablets,07868,"Famotidine,Orphenadrine citrate,Nitrazepam,Nifedipine","Allergic condition, ocular,Benzodiazepine,Insomnia,Antibiotic, penicillin (penicillinase sensitive),Wound dressing,Bile acid sequestrant,Sedative,Hypnotic"
86680001,Aloxi,http://www.mydr.com.au/medicines/cmis/aloxi-solution-for-infusion,10521,"Nicotinic acid,Palonosetron hydrochloride,Lymphocyte immune globulin,Triglycerides, long chain,Benzyl benzoate,Pravastatin sodium","Nausea,Antibiotic, penicillin (penicillinase sensitive),Antiemetic, serotonin antagonist,Ulcer, mouth,Emesis,Vomiting,Antinauseant, serotonin antagonist"
37220001,"Alphagan Eye Drops",http://www.mydr.com.au/medicines/cmis/alphagan-eye-drops,09832,"Paraffin, liquid,Brimonidine tartrate,Diatrizoate meglumine,Glucagon hydrochloride","Glaucoma,IOP (intraocular pressure), increased,Anaesthetic, cutaneous,Antibiotic, penicillin (penicillinase sensitive),Ocular hypertension,Intraocular hypertension,Alpha2-adrenergic agonist"
87700001,"Alphagan P",http://www.mydr.com.au/medicines/cmis/alphagan-p-1-5-eye-drops,10003,"Paraffin, liquid,Brimonidine tartrate,Diatrizoate meglumine,Glucagon hydrochloride","Glaucoma,IOP (intraocular pressure), increased,Anaesthetic, cutaneous,Antibiotic, penicillin (penicillinase sensitive),Ocular hypertension,Intraocular hypertension,Alpha2-adrenergic agonist"
8380001,Alphamox,http://www.mydr.com.au/medicines/cmis/alphamox,06364,"Charcoal, activated,Amoxycillin,Amoxicillin,Fluorescein sodium,Sodium hyaluronate,Felodipine,Famotidine","Antibiotic, penicillin (acid stable),Penicillin (broad spectrum),AIDS (acquired immune deficiency syndrome),Penicillin (acid stable),Bacterial infection, systemic,Antibiotic, penicillin (broad spectrum),Infection, bacterial (systemic),Allergic condition, ocular,Antibiotic, penicillin (penicillinase sensitive)"
1390001,Alphapress,http://www.mydr.com.au/medicines/cmis/alphapress-tablets,05993,"Famotidine,Dextromethorphan hydrobromide,Amitriptyline hydrochloride,Hydralazine hydrochloride,Methyldopa,Sodium bicarbonate","Allergic condition, ocular,Antibiotic, penicillin (penicillinase sensitive),Peripheral vasodilator,Fever,Infection, urinary tract,Vasodilator, peripheral,Hypertension,Antihypertensive"
64050001,Alprax,http://www.mydr.com.au/medicines/cmis/alprax-tablets,03000,"Cinchocaine hydrochloride,Papaverine hydrochloride,Alprazolam,Nifedipine","Anxiety state,Anxiolytic,Benzodiazepine,Antibiotic, penicillin (penicillinase sensitive),Anaesthetic, oropharyngeal,Diuretic, osmotic,Sedative,Panic disorder"
70840001,"Alprazolam Sandoz",http://www.mydr.com.au/medicines/cmis/alprazolam-sandoz-tablets,09813,"Cinchocaine hydrochloride,Papaverine hydrochloride,Alprazolam,Nifedipine","Anxiety state,Anxiolytic,Benzodiazepine,Antibiotic, penicillin (penicillinase sensitive),Anaesthetic, oropharyngeal,Diuretic, osmotic,Sedative,Panic disorder"
9210001,Alprim,http://www.mydr.com.au/medicines/cmis/alprim-tablets,05461,"Famotidine,Podophyllotoxin,Proxymetacaine hydrochloride,Trimethoprim,Hydralazine hydrochloride","Allergic condition, ocular,Urinary tract infection,Antibiotic, penicillin (penicillinase sensitive),Helminth infestation,Cystitis, infective,Anabolic steroid,Infection, urinary tract,UTI (urinary tract infection)"
20200001,Altargo,http://www.mydr.com.au/medicines/cmis/altargo-ointment,11041,"Calcium carbonate,Tacrolimus,Retapamulin,Trimipramine","Infection, cutaneous,Infection, skin,Antibiotic, cutaneous,Antibiotic, penicillin (penicillinase sensitive),Cutaneous infection,Impetigo,Skin infection"
93010001,Altven,http://www.mydr.com.au/medicines/cmis/altven-modified-release-capsules,10393,"Atenolol,Benzocaine,AZT (azidothymidine),Immunoglobulin, normal (human),Immunoglobulin (hepatitis B),Ipratropium bromide,Beclomethasone dipropionate,Venlafaxine","Depression,Serotonin and noradrenaline reuptake inhibitor,Antidepressant, serotonin and noradrenaline reuptake inhibitor,SNRI,SNRI (serotonin and noradrenaline reuptake inhibitors),Thyroid hormone,Mood disorder,Antibiotic, penicillin (penicillinase sensitive),Affective disorder"
77060001,Alustal,http://www.mydr.com.au/medicines/cmis/alustal-suspension-for-injection,10527,"Allergen extracts","Arthritis, osteo,Allergic disorder,Antibiotic, penicillin (penicillinase sensitive)"
73170001,Alvesco,http://www.mydr.com.au/medicines/cmis/alvesco,09099,"Protease,Ciclesonide,Eicosapentaenoic acid,Vecuronium bromide,Methoxyflurane,Prilocaine hydrochloride,Potassium chloride","Asthma, bronchial,Nephrotic syndrome,Steroid, inhalation,Asthma, prophylaxis,Bronchial asthma,Bronchoconstriction,Corticosteroid, inhalation,Bronchospasm,Antibiotic, penicillin (penicillinase sensitive)"
78400001,Alzene,http://www.mydr.com.au/medicines/cmis/alzene-tablets,07755,"Famotidine,MPA (medroxyprogesterone acetate),Cetirizine hydrochloride,Clomipramine hydrochloride,Clozapine","Allergic condition, ocular,Allergic disorder,Antibiotic, penicillin (penicillinase sensitive),Scratching,Arthritis, rheumatoid,Itching,Urticaria,Rhinitis,Antihistamine,Pruritus"
54720001,Amaryl,http://www.mydr.com.au/medicines/cmis/amaryl-tablets,08574,"Frusemide,Glimepiride,Carbachol,Pertussis vaccine","Antidiabetic, sulfonylurea,Diuretic, loop,Diabetes mellitus,Antibiotic, penicillin (penicillinase sensitive),Sulfonylurea,Hypertrophic subaortic stenosis"
35290001,AmBisome,http://www.mydr.com.au/medicines/cmis/ambisome-powder-for-infusion,04724,"Carbidopa,Amphotericin B (liposomal),Gadodiamide,Oxybutynin hydrochloride,Retinol,Vitamin E acetate","Infection, fungal (systemic),Antibiotic, penicillin (penicillinase sensitive),Aspergillosis,Low molecular weight heparin,Leishmaniasis, visceral,Infestation, worm,Antifungal, systemic,Fungal infection, systemic,Fungal infection,Candidiasis, systemic,Antifungal,Infection, fungal"
75820001,"Amcal Loratadine",http://www.mydr.com.au/medicines/cmis/amcal-loratadine-tablets,06735,"Clozapine,MPA (medroxyprogesterone acetate),Chaste tree,Loratadine,Clomipramine hydrochloride","Antihistamine,Allergic disorder,Antibiotic, penicillin (penicillinase sensitive),Focal seizure,Urticaria,Rhinitis"
90040001,"Amiodarone Sandoz",http://www.mydr.com.au/medicines/cmis/amiodarone-sandoz-tablets,10115,"Perindopril erbumine,Guaifenesin,Triprolidine hydrochloride,Pericyazine,Amiodarone hydrochloride,Fosinopril sodium","Cardiac arrhythmia, supraventricular,Antibiotic, penicillin (penicillinase sensitive),Ventricular arrhythmia,SVT (supraventricular tachycardia),Candidiasis, vaginal,Corticosteroid,Antiarrhythmic, class III,Cardiac arrhythmia, ventricular"
81580001,Amipride,http://www.mydr.com.au/medicines/cmis/amipride-tablets,09585,"Hydrocortisone,Amisulpride,Phenoxymethylpenicillin benzathine,Quinine sulfate,Prednisolone hexanoate","Psychosis,Antibiotic, penicillin (penicillinase sensitive),Antipsychotic, other,Hypothyroidism,Schizophrenia"
76360001,Amira,http://www.mydr.com.au/medicines/cmis/amira-tablets,08698,"Famotidine,Moclobemide,Ipratropium bromide,Beclomethasone dipropionate,Pentamidine isethionate,Atenolol","Allergic condition, ocular,Antibiotic, penicillin (penicillinase sensitive),Mood disorder,Affective disorder,Monoamine oxidase inhibitor,Antidepressant, MAO inhibitor,MAOI (monoamine oxidase inhibitor),Depression,Thyroid hormone"
78610001,"Amisulpride Sandoz",http://www.mydr.com.au/medicines/cmis/amisulpride-sandoz-tablets,08361,"Prednisolone hexanoate,Amisulpride,Phenoxymethylpenicillin benzathine,Quinine sulfate","Schizophrenia,Antibiotic, penicillin (penicillinase sensitive),Antipsychotic, other,Hypothyroidism"
78170001,"Amisulpride Winthrop",http://www.mydr.com.au/medicines/cmis/amisulpride-winthrop-tablets,07849,"Prednisolone hexanoate,Amisulpride,Phenoxymethylpenicillin benzathine,Quinine sulfate","Schizophrenia,Diuretic, loop,Antibiotic, penicillin (penicillinase sensitive),Antipsychotic, other,Hypothyroidism"
7710001,Amizide,http://www.mydr.com.au/medicines/cmis/amizide-tablets,06283,"Famotidine,Azathioprine,Gamma globulin (human),Hydrochlorothiazide,Amiloride hydrochloride,Enalapril maleate,Sodium bicarbonate,Cyclosporin","Allergic condition, ocular,CHF (congestive heart failure),Oedema,CCF (congestive cardiac failure),Diuretic, thiazide,Phaeochromocytoma,Cardiac failure,Thiazide diuretic,Stenosis, hypertrophic subaortic,Antihypertensive,Congestive cardiac failure,Diuretic, potassium sparing,Antibiotic, penicillin (penicillinase sensitive),Heart failure,Hypertension,Potassium sparing diuretic,Schistosoma infestation"
78020002,Amlo,http://www.mydr.com.au/medicines/cmis/amlo-tablets,07675,"Sodium bicarbonate,Amlodipine,Amitriptyline hydrochloride,Captopril,Verapamil hydrochloride","Hypertension,Antihypertensive,Antibiotic, penicillin (penicillinase sensitive),Fever,Angina pectoris, stable,Calcium antagonist,Vaginitis, infective"
65840001,"Amlodipine AN",http://www.mydr.com.au/medicines/cmis/amlodipine-an-tablets,11584,"Sodium bicarbonate,Amlodipine,Amitriptyline hydrochloride,Captopril,Verapamil hydrochloride","Hypertension,Antihypertensive,Antibiotic, penicillin (penicillinase sensitive),Fever,Angina pectoris, stable,Calcium antagonist,Vaginitis, infective"
80900001,"Amlodipine GH",http://www.mydr.com.au/medicines/cmis/amlodipine-gh-tablets,10762,"Sodium bicarbonate,Amlodipine,Amitriptyline hydrochloride,Captopril,Verapamil hydrochloride","Hypertension,Antihypertensive,Antibiotic, penicillin (penicillinase sensitive),Fever,Angina pectoris, stable,Calcium antagonist"
92110001,"Amlodipine Pfizer",http://www.mydr.com.au/medicines/cmis/amlodipine-pfizer-tablets,10370,"Sodium bicarbonate,Benzocaine,Amlodipine,Amitriptyline hydrochloride,Captopril,Verapamil hydrochloride","Hypertension,Antibiotic, penicillin (penicillinase sensitive),Fever,Angina pectoris, stable,Calcium antagonist,Antihypertensive"
78070001,"Amlodipine Sandoz",http://www.mydr.com.au/medicines/cmis/amlodipine-sandoz-tablets,07698,"Sodium bicarbonate,Amlodipine,Amitriptyline hydrochloride,Captopril,Verapamil hydrochloride","Hypertension,Antibiotic, penicillin (penicillinase sensitive),Fever,Angina pectoris, stable,Calcium antagonist"
80350001,Amlodipine-GA,http://www.mydr.com.au/medicines/cmis/amlodipine-ga-tablets,08897,"Sodium bicarbonate,Amlodipine,Amitriptyline hydrochloride,Captopril,Verapamil hydrochloride","Hypertension,Antihypertensive,Antibiotic, penicillin (penicillinase sensitive),Fever,Angina pectoris, stable,Calcium antagonist"
8390001,"Amoxil Oral",http://www.mydr.com.au/medicines/cmis/amoxil-capsules,08218,"Charcoal, activated,Amylase,Amoxycillin,Amoxicillin,Fluorescein sodium,Sodium hyaluronate,Felodipine","Antibiotic, penicillin (acid stable),AIDS (acquired immune deficiency syndrome),Penicillin (broad spectrum),Bacterial infection, systemic,Penicillin (acid stable),Infection, bacterial (systemic),Antibiotic, penicillin (broad spectrum),Antibiotic, penicillin (penicillinase sensitive)"
8400001,"Amoxil Parenteral",http://www.mydr.com.au/medicines/cmis/amoxil-parenteral-powder-for-injection,08575,"Felodipine,Amylase,Amoxycillin,Amoxicillin,Fluorescein sodium","Antibiotic, penicillin (broad spectrum),Infection, bacterial (systemic),Antibiotic, penicillin (penicillinase sensitive),AIDS (acquired immune deficiency syndrome),Penicillin (broad spectrum),Bacterial infection, systemic"
23410001,"Amoxycillin AN",http://www.mydr.com.au/medicines/cmis/amoxycillin-an-capsules,11188,"Felodipine,Amoxycillin,Amoxicillin,Fluorescein sodium","Antibiotic, penicillin (broad spectrum),Infection, bacterial (systemic),Antibiotic, penicillin (penicillinase sensitive),Antibiotic, penicillin (penicillinase sensitive),AIDS (acquired immune deficiency syndrome),Bacterial infection, systemic,Penicillin (broad spectrum),Penicillin (penicillinase sensitive)"
89630001,"Amoxycillin Generichealth",http://www.mydr.com.au/medicines/cmis/amoxycillin-generichealth-capsules,10964,"Felodipine,Amoxycillin,Amoxicillin,Fluorescein sodium","Antibiotic, penicillin (broad spectrum),Infection, bacterial (systemic),Antibiotic, penicillin (penicillinase sensitive),Antibiotic, penicillin (penicillinase sensitive),AIDS (acquired immune deficiency syndrome),Bacterial infection, systemic,Penicillin (broad spectrum),Penicillin (penicillinase sensitive)"
82600001,"Amoxycillin Ranbaxy",http://www.mydr.com.au/medicines/cmis/amoxycillin-ranbaxy-capsules,09642,"Felodipine,Amoxycillin,Amoxicillin,Fluorescein sodium","Antibiotic, penicillin (broad spectrum),Infection, bacterial (systemic),Antibiotic, penicillin (penicillinase sensitive),Antibiotic, penicillin (penicillinase sensitive),AIDS (acquired immune deficiency syndrome),Bacterial infection, systemic,Penicillin (broad spectrum),Penicillin (penicillinase sensitive)"
82060001,"Amoxycillin Sandoz Capsules and Suspension",http://www.mydr.com.au/medicines/cmis/amoxycillin-sandoz-capsules-and-suspension,09511,"Charcoal, activated,Amoxycillin,Amoxicillin,Fluorescein sodium,Sodium hyaluronate,Felodipine","Antibiotic, penicillin (acid stable),Antibiotic, penicillin (penicillinase sensitive),Penicillin (broad spectrum),AIDS (acquired immune deficiency syndrome),Penicillin (acid stable),Bacterial infection, systemic,Antibiotic, penicillin (broad spectrum),Infection, bacterial (systemic)"
70410001,"Amoxycillin Sandoz Tablets",http://www.mydr.com.au/medicines/cmis/amoxycillin-sandoz-tablets,08220,"Felodipine,Amoxycillin,Amoxicillin,Fluorescein sodium","Antibiotic, penicillin (broad spectrum),Infection, bacterial (systemic),Antibiotic, penicillin (penicillinase sensitive),Antibiotic, penicillin (penicillinase sensitive),AIDS (acquired immune deficiency syndrome),Bacterial infection, systemic,Penicillin (broad spectrum),Penicillin (penicillinase sensitive)"
85560001,Amoxycillin-GA,http://www.mydr.com.au/medicines/cmis/amoxycillin-ga-capsules,10530,"Charcoal, activated,Amoxycillin,Amoxicillin,Fluorescein sodium,Sodium hyaluronate,Felodipine","Antibiotic, penicillin (acid stable),Antibiotic, penicillin (penicillinase sensitive),Penicillin (broad spectrum),AIDS (acquired immune deficiency syndrome),Penicillin (acid stable),Bacterial infection, systemic,Antibiotic, penicillin (broad spectrum),Infection, bacterial (systemic)"
23420001,"Amoxyclav AN",http://www.mydr.com.au/medicines/cmis/amoxyclav-an,11127,"Charcoal, activated,Clavulanic acid,Amoxycillin,Amoxicillin,Sodium hyaluronate,Prednisolone sodium phosphate","Antibiotic, penicillin (acid stable),Antibiotic, penicillin (penicillinase sensitive),AIDS (acquired immune deficiency syndrome),Bacterial infection, systemic,Penicillin (acid stable),Penicillin (penicillinase resistant),Antibiotic, penicillin (penicillinase resistant),Infection, bacterial (systemic)"
87190001,"AmoxyClav GH",http://www.mydr.com.au/medicines/cmis/amoxyclav-gh-875-125-tablets,10761,"Charcoal, activated,Clavulanic acid,Amoxycillin,Amoxicillin,Sodium hyaluronate,Prednisolone sodium phosphate","Antibiotic, penicillin (acid stable),Antibiotic, penicillin (penicillinase sensitive),AIDS (acquired immune deficiency syndrome),Bacterial infection, systemic,Penicillin (acid stable),Penicillin (penicillinase resistant),Antibiotic, penicillin (penicillinase resistant),Infection, bacterial (systemic)"
23430001,"AmoxyClav RBX",http://www.mydr.com.au/medicines/cmis/amoxyclav-rbx-875-125-tablets,11432,"Charcoal, activated,Clavulanic acid,Amoxycillin,Amoxicillin,Sodium hyaluronate,Prednisolone sodium phosphate","Antibiotic, penicillin (acid stable),Antibiotic, penicillin (penicillinase sensitive),AIDS (acquired immune deficiency syndrome),Bacterial infection, systemic,Penicillin (acid stable),Penicillin (penicillinase resistant),Antibiotic, penicillin (penicillinase resistant),Infection, bacterial (systemic)"
8410001,Ampicyn,http://www.mydr.com.au/medicines/cmis/ampicyn-powder-for-injection,07611,"Felodipine,Amylase,Fluorescein sodium,Ampicillin sodium","Antibiotic, penicillin (broad spectrum),Bacterial infection, systemic,Infection, bacterial (systemic),Antibiotic, penicillin (penicillinase sensitive),Penicillin (broad spectrum),Vitamin A deficiency,AIDS (acquired immune deficiency syndrome)"
4920001,Anafranil,http://www.mydr.com.au/medicines/cmis/anafranil-tablets,08270,"Perindopril erbumine,Beclomethasone dipropionate,Theophylline,Triamcinolone acetonide,Clomipramine hydrochloride,Atenolol,Propranolol hydrochloride,Ipratropium bromide","Cardiac arrhythmia, supraventricular,Affective disorder,Tricyclic antidepressant,Narcolepsy,Obsessive compulsive disorder,Urticaria,Thyroid hormone,Depression,Antibiotic, penicillin (penicillinase sensitive),Antidepressant, tricyclic,Mood disorder"
70470001,Anagraine,http://www.mydr.com.au/medicines/cmis/anagraine-tablets,06792,"Lignocaine,Benzyl benzoate,Paracetamol,Metoclopramide hydrochloride,Pravastatin sodium,Moclobemide,Nicotinic acid,Amylase,Gemfibrozil,Acetaminophen","Pain,Emesis,Antinauseant, other,Vasodilator, coronary,Analgesic,Bronchodilator, anticholinergic,Antibiotic, penicillin (penicillinase sensitive),Vomiting,Nausea,Antiemetic, other,Migraine, treatment"
3380001,Anamorph,http://www.mydr.com.au/medicines/cmis/anamorph-tablets,03642,"Cyproheptadine hydrochloride,Morphine sulfate","Opioid,Carcinoma, endometrial,Pain, severe,Analgesic, narcotic,Beta-adrenergic blocker, nonselective (ocular),Antibiotic, penicillin (penicillinase sensitive),Narcotic analgesic"
35850001,Anandron,http://www.mydr.com.au/medicines/cmis/anandron-tablets,09125,"Bismuth subnitrate,Nilutamide,Triglycerides, medium chain,Propamidine isethionate","Carcinoma, prostatic,Cancer, prostatic,Diuretic, loop,Antibiotic, penicillin (penicillinase sensitive),Oral inflammation,Prostatic carcinoma"
85300001,Anapen,http://www.mydr.com.au/medicines/cmis/anapen,10804,"Adrenaline,Propoxyphene napsylate,Epinephrine,DDI,Thrombin","Manic depressive state,Gonorrhoea,Antibiotic, penicillin (penicillinase sensitive),Vulvar carcinoma, prevention,Neurokinin-1 (NK1) receptor antagonist,Anaphylaxis,Sympathomimetic"
29430001,Anaprox,http://www.mydr.com.au/medicines/cmis/anaprox-tablets,08642,"Loperamide hydrochloride,Trimeprazine tartrate,Metronidazole,Labetalol hydrochloride,Lignocaine,Naproxen sodium,Diphenoxylate hydrochloride,Allergen extracts,Lactobacillus acidophilus,Cetirizine hydrochloride","Rheumatoid arthritis,Nonsteroidal anti-inflammatory (systemic),Analgesic,Laxative, other,Anti-inflammatory, nonsteroidal (systemic),Ankylosing spondylitis,Gout,Antibiotic, penicillin (penicillinase sensitive),OA (osteoarthritis),Pain,RA (rheumatoid arthritis),Osteoarthritis,Arthritis, osteo,NSAID, systemic,Rheumatoid condition,Arthritis, rheumatoid,Migraine, treatment"
92220001,Anastrol,http://www.mydr.com.au/medicines/cmis/anastrol-tablets,10280,"Clonazepam,Anastrozole,Triglycerides, medium chain,Sulfacetamide sodium","Carcinoma, breast,Mammary carcinoma,Cytotoxic,Antibiotic, penicillin (penicillinase sensitive),Cervical cancer,Oral inflammation,Antineoplastic,Breast carcinoma,Cancer, breast"
23440001,"Anastrozole AN",http://www.mydr.com.au/medicines/cmis/anastrozole-an-tablets,11128,"Clonazepam,Anastrozole,Triglycerides, medium chain,Sulfacetamide sodium","Carcinoma, breast,Mammary carcinoma,Cytotoxic,Antibiotic, penicillin (penicillinase sensitive),Cervical cancer,Oral inflammation,Antineoplastic,Breast carcinoma,Cancer, breast"
92250001,"Anastrozole GH",http://www.mydr.com.au/medicines/cmis/anastrozole-gh-tablets,10945,"Clonazepam,Anastrozole,Triglycerides, medium chain,Sulfacetamide sodium","Carcinoma, breast,Mammary carcinoma,Cytotoxic,Antibiotic, penicillin (penicillinase sensitive),Cervical cancer,Oral inflammation,Antineoplastic,Breast carcinoma,Cancer, breast"
92280001,"Anastrozole RBX",http://www.mydr.com.au/medicines/cmis/anastrozole-rbx-tablets,10322,"Clonazepam,Anastrozole,Triglycerides, medium chain,Sulfacetamide sodium","Carcinoma, breast,Mammary carcinoma,Cytotoxic,Antibiotic, penicillin (penicillinase sensitive),Cervical cancer,Oral inflammation,Antineoplastic,Breast carcinoma,Cancer, breast"
92290001,"Anastrozole Sandoz",http://www.mydr.com.au/medicines/cmis/anastrozole-sandoz-tablets,10277,"Clonazepam,Anastrozole,Triglycerides, medium chain,Sulfacetamide sodium","Carcinoma, breast,Mammary carcinoma,Cytotoxic,Antibiotic, penicillin (penicillinase sensitive),Cervical cancer,Oral inflammation,Antineoplastic,Breast carcinoma,Cancer, breast"
92780001,"Anastrozole Synthon",http://www.mydr.com.au/medicines/cmis/anastrozole-synthon-tablets,10450,"Clonazepam,Anastrozole,Triglycerides, medium chain,Sulfacetamide sodium","Carcinoma, breast,Mammary carcinoma,Cytotoxic,Antibiotic, penicillin (penicillinase sensitive),Cervical cancer,Oral inflammation,Antineoplastic,Breast carcinoma,Cancer, breast"
92230001,Anastrozole-DRLA,http://www.mydr.com.au/medicines/cmis/anastrozole-drla-tablets,10965,"Clonazepam,Anastrozole,Triglycerides, medium chain,Sulfacetamide sodium","Carcinoma, breast,Mammary carcinoma,Cytotoxic,Antibiotic, penicillin (penicillinase sensitive),Cervical cancer,Oral inflammation,Antineoplastic,Breast carcinoma,Cancer, breast"
92240001,Anastrozole-GA,http://www.mydr.com.au/medicines/cmis/anastrozole-ga-tablets,10341,"Clonazepam,Anastrozole,Triglycerides, medium chain,Sulfacetamide sodium","Carcinoma, breast,Mammary carcinoma,Cytotoxic,Antibiotic, penicillin (penicillinase sensitive),Cervical cancer,Oral inflammation,Antineoplastic,Breast carcinoma,Cancer, breast"
9090002,Ancotil,http://www.mydr.com.au/medicines/cmis/ancotil-infusion,08906,"Carbidopa,Oxybutynin hydrochloride,5-Fluorocytosine,Retinol,Vitamin E acetate,Flucytosine","Infection, fungal (systemic),Antibiotic, penicillin (penicillinase sensitive),Antifungal, systemic,Lymphoma, mantle cell,Infestation, worm,Fungal infection,Fungal infection, systemic,Antifungal,Candidiasis, systemic,Haemophilus influenzae, prophylaxis,Infection, fungal"
97650001,Andepra,http://www.mydr.com.au/medicines/cmis/andepra-capsules,10644,"Cinchocaine hydrochloride,AZT (azidothymidine),Immunoglobulin, normal (human),Immunoglobulin (hepatitis B),Ipratropium bromide,Beclomethasone dipropionate,Atenolol,Duloxetine","Anxiety state,Serotonin and noradrenaline reuptake inhibitor,SNRI,Antidepressant, serotonin and noradrenaline reuptake inhibitor,Neuropathic pain,SNRI (serotonin and noradrenaline reuptake inhibitors),Anxiolytic,Mood disorder,Thyroid hormone,Affective disorder,Antibiotic, penicillin (penicillinase sensitive),Depression"
6360001,"Andriol Testocaps",http://www.mydr.com.au/medicines/cmis/andriol-testocaps,05584,"Protease,Testosterone undecanoate,Mumps vaccine, live,Noradrenaline acid tartrate","Asthma, bronchial,Steroid, androgenic,Hypogonadism, male,Antibiotic, penicillin (penicillinase sensitive),Beta-blocker, nonselective,Androgen"
7460001,Androcur,http://www.mydr.com.au/medicines/cmis/androcur-tablets,04964,"Glucose,Mumps vaccine, live,Aciclovir,Didanosine,Cyproterone acetate,Azidothymidine,Triglycerides, medium chain,Bethanechol chloride,Propamidine isethionate,Bismuth subnitrate,Chlorhexidine gluconate","Antibiotic, macrolide,Beta-blocker, nonselective,Antiandrogen,Alopecia,Antibiotic, penicillin (penicillinase sensitive),Hirsutism,Hormone, antiandrogenic,Oral inflammation,Acne,Prostatic carcinoma,Behavioural disorder,Carcinoma, prostatic,Steroid, antiandrogenic,Cancer, prostatic"
32590001,Androcur-100,http://www.mydr.com.au/medicines/cmis/androcur-100-tablets,11464,"Glucose,Cyproterone acetate,Triglycerides, medium chain,Propamidine isethionate,Mumps vaccine, live,Bismuth subnitrate","Antibiotic, macrolide,Antibiotic, penicillin (penicillinase sensitive),Oral inflammation,Prostatic carcinoma,Beta-blocker, nonselective,Carcinoma, prostatic,Cancer, prostatic"
54550001,Androderm,http://www.mydr.com.au/medicines/cmis/androderm-transdermal-patch,09184,"Noradrenaline acid tartrate,Testosterone,Mumps vaccine, live","Androgen,Steroid, androgenic,Impotence, male,Hypogonadism, male,Antibiotic, penicillin (penicillinase sensitive),Beta-blocker, nonselective"
96970001,"AndroForte 5",http://www.mydr.com.au/medicines/cmis/androforte-5-transdermal-cream,10589,"Noradrenaline acid tartrate,Testosterone,Mumps vaccine, live","Androgen,Steroid, androgenic,Hypogonadism, male,Antibiotic, penicillin (penicillinase sensitive),Beta-blocker, nonselective"
21440001,Anexate,http://www.mydr.com.au/medicines/cmis/anexate-solution-for-injection,05494,"Captopril,Flumazenil,Nitrofurantoin","Angina pectoris, stable,Overdose, benzodiazepine,Antagonist, benzodiazepine,Antibiotic, penicillin (penicillinase sensitive),Ocular infection,Benzodiazepine antagonist"
74370001,"Angeliq 1/2",http://www.mydr.com.au/medicines/cmis/angeliq-1-2-tablets,08013,"Glucose,Drospirenone,Fluorometholone,Prednisolone acetate,Mumps vaccine, live,Vigabatrin,Oestradiol,Magnesium sulfate,Estradiol","Antibiotic, macrolide,Steroid, progestogenic,Climacteric disorder,Steroid, oestrogenic,HRT (hormone replacement therapy),Menopausal disorder,Beta-blocker, nonselective,Antibiotic, penicillin (penicillinase sensitive),Progestogen,Oestrogen,Hormone replacement therapy"
1930001,Anginine,http://www.mydr.com.au/medicines/cmis/anginine-tablets,08177,"Captopril,Amylase,Nitroglycerine,GTN (glyceryl trinitrate),Glyceryl trinitrate,Clonidine hydrochloride","Angina pectoris, stable,Antibiotic, penicillin (penicillinase sensitive),Erythema nodosum leprosum,Antibiotic, glycopeptide,Giardiasis,Angina pectoris, variant,Vaginitis, infective"
72150001,Angiomax,http://www.mydr.com.au/medicines/cmis/angiomax-powder-for-injection,05820,"Ascorbic acid,Bivalirudin,Pseudoephedrine sulfate,Dexchlorpheniramine maleate","Anticoagulant,Coagulopathy,Embolism,Antibiotic, penicillin (penicillinase sensitive),Clotting disorder,Coagulation disorder"
23350001,"Anoro Ellipta",http://www.mydr.com.au/medicines/cmis/anoro-ellipta-powder-for-inhalation,11109,"Metoclopramide hydrochloride,Thiopentone sodium,Vilanterol,Prilocaine hydrochloride,Umeclidinium,Potassium chloride,Tacrolimus,Magnesium chloride,Albuterol,Procaine hydrochloride,Rifampin,Mepivacaine hydrochloride,Eicosapentaenoic acid","Bronchodilator, anticholinergic,Sympathomimetic bronchodilator,Nephropathic cystinosis,Bronchoconstriction,Anticholinergic bronchodilator,Bronchospasm,COPD (chronic obstructive pulmonary disease),Airway obstruction, chronic,Chronic obstructive pulmonary disease,COAD (chronic obstructive airway disease),Airway limitation, chronic,COPD,Bronchodilator, sympathomimetic,CAL (chronic airway limitation),Nephrotic syndrome,Antibiotic, penicillin (penicillinase sensitive)"
1410001,Anpec,http://www.mydr.com.au/medicines/cmis/anpec-tablets,10574,"Famotidine,Clonidine hydrochloride,Diltiazem hydrochloride,Captopril,Verapamil hydrochloride,Triprolidine hydrochloride,Verapamil hydrochloride,Amitriptyline hydrochloride,Sodium bicarbonate,Perindopril erbumine","Allergic condition, ocular,Angina pectoris, variant,Angina pectoris, unstable,Antihypertensive,Angina pectoris, stable,Antibiotic, penicillin (penicillinase sensitive),Calcium antagonist,SVT (supraventricular tachycardia),Calcium antagonist,Fever,Hypertension,Cardiac arrhythmia, supraventricular"
31200001,Anselol,http://www.mydr.com.au/medicines/cmis/anselol-tablets,05408,"Sodium bicarbonate,Hepatitis A vaccine,Clotrimazole,Atenolol,Perindopril erbumine,Diltiazem hydrochloride,Guaifenesin,Captopril,Triprolidine hydrochloride","Hypertension,Beta-blocker, beta1-selective,Beta-adrenergic blocker, beta1-selective,Myocardial infarction,Cardiac arrhythmia, ventricular,Depression,Antihypertensive,Cardiac arrhythmia, supraventricular,Antibiotic, penicillin (penicillinase sensitive),Angina pectoris, unstable,Ventricular arrhythmia,Angina pectoris, stable,SVT (supraventricular tachycardia),Blood fluke"
21740001,Antabuse,http://www.mydr.com.au/medicines/cmis/antabuse-effervescent-tablet,06661,Disulfiram,"Attention deficit hyperactivity disorder,Alcoholism,Antibiotic, penicillin (penicillinase sensitive)"
4510001,Antenex,http://www.mydr.com.au/medicines/cmis/antenex-tablets,05947,"Famotidine,Salbutamol,Papaverine hydrochloride,Diazepam,Nifedipine,Cinchocaine hydrochloride","Allergic condition, ocular,Antibiotic, penicillin (penicillinase sensitive),Anxiolytic,Withdrawal, alcohol,DTs (delirium tremens),Anaesthetic, oropharyngeal,Delirium tremens,Antiarrhythmic, class IB,Muscle relaxant, skeletal,Sedative,Benzodiazepine,Anxiety state,Alcohol withdrawal,Skeletal muscle spasm"
52030001,Antroquoril,http://www.mydr.com.au/medicines/cmis/antroquoril,08676,"Sodium lauryl sulfoacetate,Cholecalciferol,Folic acid,Betamethasone valerate,Hepatitis B vaccine,Oxazepam,Protease","Eczema,Steroid, cutaneous,Rash, allergic,Pruritus,Atopic dermatitis,Cutaneous allergy,Psoriasis,Scalp seborrhoea,Bladder carcinoma,Dermatitis,Scratching,Anal pruritus,Allergic condition, cutaneous,Itching,Pruritus, anogenital,Dermatitis, seborrhoeic,Anogenital pruritus,Asthma, bronchial,Antibiotic, penicillin (penicillinase sensitive),Corticosteroid, cutaneous"
31290001,"Anzatax Injection Concentrate",http://www.mydr.com.au/medicines/cmis/anzatax-injection-concentrate-concentrate-for-infusion,08159,"Selegiline hydrochloride,Paclitaxel,Amino acids,Sulfacetamide sodium,Clonazepam","Carcinoma, ovarian,Neoplasm,Ovarian carcinoma,Antibiotic, penicillin (penicillinase sensitive),Cancer, breast,Cytomegalovirus retinitis,Mammary carcinoma,Ulcer, aphthous,Cancer,Cancer, lung,Breast carcinoma,Tumour,Antineoplastic,Carcinoma, breast,Cytotoxic,Cancer, ovarian"
37130001,Anzemet,http://www.mydr.com.au/medicines/cmis/anzemet-tablets,07266,"Nicotinic acid,Dolasetron mesylate,Lymphocyte immune globulin,Triglycerides, long chain,Benzyl benzoate,Pravastatin sodium","Nausea,Antibiotic, penicillin (penicillinase sensitive),Antiemetic, serotonin antagonist,Ulcer, mouth,Emesis,Antinauseant, serotonin antagonist,Vomiting,Diuretic, loop"
78100001,Apidra,http://www.mydr.com.au/medicines/cmis/apidra,08985,"Pneumococcal vaccine,Insulin, glulisine,Glulisine insulin,Pilocarpine hydrochloride","BPH (benign prostatic hyperplasia),Diuretic, loop,Diabetes mellitus,Antibiotic, penicillin (penicillinase sensitive),Insulin,Antidiabetic, insulin"
44180001,APO-Adefovir,http://www.mydr.com.au/medicines/cmis/apo-adefovir-tablets,11465,"Dapsone,Adefovir dipivoxil,Benzoyl peroxide","Hepatitis, treatment,Infestation, helminth,Antiviral,Antibiotic, penicillin (penicillinase sensitive),Viral infection"
79790001,APO-Alendronate,http://www.mydr.com.au/medicines/cmis/apo-alendronate-tablets,08429,"Gamma globulin (human),Alendronic acid,Levarterenol acid tartrate","CCF (congestive cardiac failure),Osteoporosis,Antibiotic, penicillin (penicillinase sensitive),Bisphosphonate"
30950001,APO-Allopurinol,http://www.mydr.com.au/medicines/cmis/apo-allopurinol-tablets,11317,"Labetalol hydrochloride,Nitrofurantoin,Allopurinol,Digoxin","Gout,Antibiotic, penicillin (penicillinase sensitive),Benzodiazepine antagonist,Pseudomembranous colitis, antibiotic associated,Xanthine oxidase inhibitor"
90980001,APO-Amisulpride,http://www.mydr.com.au/medicines/cmis/apo-amisulpride-tablets,10336,"Hydrocortisone,Amisulpride,Phenoxymethylpenicillin benzathine,Quinine sulfate,Prednisolone hexanoate","Psychosis,Antibiotic, penicillin (penicillinase sensitive),Antipsychotic, other,Hypothyroidism,Schizophrenia"
46230001,APO-Amitriptyline,http://www.mydr.com.au/medicines/cmis/apo-amitriptyline-tablets,11526,"Propranolol hydrochloride,Ipratropium bromide,Beclomethasone dipropionate,Theophylline,Amitriptyline hydrochloride,Triamterene,Dalteparin sodium,Atenolol,Budesonide","Antidepressant, tricyclic,Mood disorder,Affective disorder,Tricyclic antidepressant,Thyroid hormone,Fever,Antibiotic, penicillin (penicillinase sensitive),Enuresis,Incontinence,Depression,Bedwetting"
79850001,APO-Amlodipine,http://www.mydr.com.au/medicines/cmis/apo-amlodipine-tablets,08466,"Sodium bicarbonate,Amlodipine,Amitriptyline hydrochloride,Captopril,Verapamil hydrochloride","Hypertension,Antihypertensive,Antibiotic, penicillin (penicillinase sensitive),Fever,Angina pectoris, stable,Calcium antagonist,Vaginitis, infective"
35360001,APO-Amlodipine/Atorvastatin,http://www.mydr.com.au/medicines/cmis/apo-amlodipine-atorvastatin,11466,"Sodium bicarbonate,Norepinephrine acid tartrate,Haloperidol,Amitriptyline hydrochloride,Metoprolol tartrate,Atorvastatin,Captopril,Amlodipine,Verapamil hydrochloride,Norethindrone","Hypertension,HMG-CoA reductase inhibitor,Hypertriglyceridaemia,Antibiotic, quinolone,Antihypertensive,Fever,Antibiotic, penicillin (penicillinase sensitive),Hypercholesterolaemia,Angina pectoris, stable,Calcium antagonist,Statin,Hyperlipidaemia"
47580001,"APO-Amoxycillin and Clavulanic Acid 125/31.25",http://www.mydr.com.au/medicines/cmis/apo-amoxycillin-and-clavulanic-acid-125-31-25-powder-for-oral-suspension,11443,"Charcoal, activated,Clavulanic acid,Amoxycillin,Amoxicillin,Sodium hyaluronate,Prednisolone sodium phosphate","Antibiotic, penicillin (acid stable),Antibiotic, penicillin (penicillinase sensitive),AIDS (acquired immune deficiency syndrome),Bacterial infection, systemic,Penicillin (acid stable),Penicillin (penicillinase resistant),Antibiotic, penicillin (penicillinase resistant),Infection, bacterial (systemic)"
44510001,"APO-Amoxycillin and Clavulanic Acid 400/57",http://www.mydr.com.au/medicines/cmis/apo-amoxycillin-and-clavulanic-acid-400-57-powder-for-oral-suspension,11444,"Charcoal, activated,Clavulanic acid,Amoxycillin,Amoxicillin,Sodium hyaluronate,Prednisolone sodium phosphate","Antibiotic, penicillin (acid stable),Antibiotic, penicillin (penicillinase sensitive),AIDS (acquired immune deficiency syndrome),Bacterial infection, systemic,Penicillin (acid stable),Penicillin (penicillinase resistant),Antibiotic, penicillin (penicillinase resistant),Infection, bacterial (systemic)"
83570001,"APO-Amoxycillin and Clavulanic Acid 500/125",http://www.mydr.com.au/medicines/cmis/apo-amoxycillin-and-clavulanic-acid-500-125-tablets,09735,"Charcoal, activated,Clavulanic acid,Amoxycillin,Amoxicillin,Sodium hyaluronate,Prednisolone sodium phosphate","Antibiotic, penicillin (acid stable),Antibiotic, penicillin (penicillinase sensitive),AIDS (acquired immune deficiency syndrome),Bacterial infection, systemic,Penicillin (acid stable),Penicillin (penicillinase resistant),Antibiotic, penicillin (penicillinase resistant),Infection, bacterial (systemic)"
98820001,"APO-Amoxycillin and Clavulanic Acid 875/125",http://www.mydr.com.au/medicines/cmis/apo-amoxycillin-and-clavulanic-acid-875-125-tablets,10756,"Charcoal, activated,Clavulanic acid,Amoxycillin,Amoxicillin,Sodium hyaluronate,Prednisolone sodium phosphate","Antibiotic, penicillin (acid stable),Antibiotic, penicillin (penicillinase sensitive),AIDS (acquired immune deficiency syndrome),Bacterial infection, systemic,Penicillin (acid stable),Penicillin (penicillinase resistant),Antibiotic, penicillin (penicillinase resistant),Infection, bacterial (systemic)"
81490001,"APO-Amoxycillin Capsules",http://www.mydr.com.au/medicines/cmis/apo-amoxycillin-capsules,09240,"Charcoal, activated,Amoxycillin,Amoxicillin,Fluorescein sodium,Sodium hyaluronate,Felodipine","Antibiotic, penicillin (acid stable),Antibiotic, penicillin (penicillinase sensitive),Penicillin (broad spectrum),AIDS (acquired immune deficiency syndrome),Penicillin (acid stable),Bacterial infection, systemic,Antibiotic, penicillin (broad spectrum),Infection, bacterial (systemic)"
15700001,"APO-Amoxycillin Powder for Suspension",http://www.mydr.com.au/medicines/cmis/apo-amoxycillin-powder-for-suspension,11095,"Charcoal, activated,Amoxycillin,Amoxicillin,Fluorescein sodium,Sodium hyaluronate,Felodipine","Antibiotic, penicillin (acid stable),Antibiotic, penicillin (penicillinase sensitive),Penicillin (broad spectrum),AIDS (acquired immune deficiency syndrome),Penicillin (acid stable),Bacterial infection, systemic,Antibiotic, penicillin (broad spectrum),Infection, bacterial (systemic)"
92310001,APO-Anastrozole,http://www.mydr.com.au/medicines/cmis/apo-anastrozole-tablets,10421,"Clonazepam,Anastrozole,Triglycerides, medium chain,Sulfacetamide sodium","Carcinoma, breast,Mammary carcinoma,Cytotoxic,Antibiotic, penicillin (penicillinase sensitive),Cervical cancer,Oral inflammation,Antineoplastic,Breast carcinoma,Cancer, breast"
85870001,APO-Atenolol,http://www.mydr.com.au/medicines/cmis/apo-atenolol-tablets,09888,"Sodium bicarbonate,Hepatitis A vaccine,Clotrimazole,Atenolol,Perindopril erbumine,Diltiazem hydrochloride,Guaifenesin,Captopril,Triprolidine hydrochloride","Hypertension,Beta-blocker, beta1-selective,Beta-adrenergic blocker, beta1-selective,Myocardial infarction,Cardiac arrhythmia, ventricular,Depression,Antihypertensive,Cardiac arrhythmia, supraventricular,Antibiotic, penicillin (penicillinase sensitive),Angina pectoris, unstable,Ventricular arrhythmia,Angina pectoris, stable,SVT (supraventricular tachycardia),Blood fluke"
93400001,APO-Atorvastatin,http://www.mydr.com.au/medicines/cmis/apo-atorvastatin-tablets,10479,"Metoprolol tartrate,Atorvastatin,Haloperidol","Hypercholesterolaemia,Hyperlipidaemia,Hypertriglyceridaemia,Antibiotic, penicillin (penicillinase sensitive),Antibiotic, quinolone"
15560001,APO-Azathioprine,http://www.mydr.com.au/medicines/cmis/apo-azathioprine-tablets,10963,Azathioprine,"CHF (congestive heart failure),Antidote, pesticide,Immunosuppressant,Antibiotic, penicillin (penicillinase sensitive)"
97440001,APO-Azithromycin,http://www.mydr.com.au/medicines/cmis/apo-azithromycin-tablets,10766,"Glucose,Azithromycin","Antibiotic, macrolide,TB (tuberculosis),Macrolide,Bacterial infection, systemic,Infection, bacterial (systemic),Antibiotic, penicillin (penicillinase sensitive),Psoriasis, plaque"
45460001,"APO-Betahistine Tablets",http://www.mydr.com.au/medicines/cmis/apo-betahistine-tablets,11497,"Betahistine dihydrochloride,Ammonium chloride,Pethidine hydrochloride,Clomipramine hydrochloride","Ulcerative colitis,Antibiotic, penicillin (penicillinase sensitive),Vertigo,Meniere's syndrome,Urticaria"
80970001,APO-Bicalutamide,http://www.mydr.com.au/medicines/cmis/apo-bicalutamide-tablets,08986,"Bismuth subnitrate,Bicalutamide,Triglycerides, medium chain,Propamidine isethionate","Carcinoma, prostatic,Cancer, prostatic,Antibiotic, penicillin (penicillinase sensitive),Antidiabetic, sodium-glucose linked transporter 2 inhibitor,Oral inflammation,Prostatic carcinoma"
92370001,APO-Bisoprolol,http://www.mydr.com.au/medicines/cmis/apo-bisoprolol-tablets,10435,"Hepatitis A vaccine,Bisoprolol fumarate,Azathioprine,Gamma globulin (human)","Beta-blocker, beta1-selective,Beta-adrenergic blocker, beta1-selective,Cardiac failure,Antibiotic, penicillin (penicillinase sensitive),Congestive cardiac failure,CHF (congestive heart failure),Heart failure,CCF (congestive cardiac failure),Blood fluke"
99150001,APO-Candesartan,http://www.mydr.com.au/medicines/cmis/apo-candesartan-tablets,10793,"Sodium bicarbonate,Candesartan cilexetil,Lenograstim (rch),Azathioprine,Gamma globulin (human),Amitriptyline hydrochloride","Hypertension,Antibiotic, penicillin (penicillinase sensitive),Angiotensin II receptor antagonist,Congestive cardiac failure,CHF (congestive heart failure),Heart failure,CCF (congestive cardiac failure),Cardiac failure,Fever,Antihypertensive"
99230001,"APO-Candesartan HCTZ",http://www.mydr.com.au/medicines/cmis/apo-candesartan-hctz,10794,"Sodium bicarbonate,Candesartan cilexetil,Lenograstim (rch),Amitriptyline hydrochloride,Hydrochlorothiazide","Hypertension,Antihypertensive,Antibiotic, penicillin (penicillinase sensitive),Angiotensin II receptor antagonist,Fever,Thiazide diuretic,Phaeochromocytoma,Diuretic, thiazide"
86780001,APO-Carvedilol,http://www.mydr.com.au/medicines/cmis/apo-carvedilol-tablets,10057,"Sodium bicarbonate,Carvedilol,Azathioprine,Gamma globulin (human),Rubella vaccine, live,Mumps vaccine, live,Cholestyramine","Hypertension,Heart failure,CHF (congestive heart failure),Blood fluke,CCF (congestive cardiac failure),Beta-adrenergic blocker, nonselective,Alpha-blocker,Cardiac failure,Beta-blocker, nonselective,Antihypertensive,Alpha-adrenergic blocker,Antibiotic, penicillin (penicillinase sensitive),Congestive cardiac failure"
12750001,APO-Cefaclor,http://www.mydr.com.au/medicines/cmis/apo-cefaclor-powder-for-oral-suspension,11482,Cefaclor,"ARC (AIDS related complex),Cephalosporin (second generation),Bacterial infection, systemic,Antibiotic, cephalosporin (second generation),Infection, bacterial (systemic),Antibiotic, penicillin (penicillinase sensitive)"
15690001,"APO-Cefaclor CD",http://www.mydr.com.au/medicines/cmis/apo-cefaclor-cd-modified-release-tablets,11325,Cefaclor,"ARC (AIDS related complex),Cephalosporin (second generation),Bacterial infection, systemic,Antibiotic, cephalosporin (second generation),Infection, bacterial (systemic),Antibiotic, penicillin (penicillinase sensitive)"
41470001,APO-Celecoxib,http://www.mydr.com.au/medicines/cmis/apo-celecoxib-capsules,11467,"Loperamide hydrochloride,Cetirizine hydrochloride,Trimeprazine tartrate,Metronidazole,Ethacrynic acid,Celecoxib,Lignocaine,Flupenthixol decanoate,Diphenoxylate hydrochloride,Allergen extracts","Rheumatoid arthritis,Ankylosing spondylitis,Arthritis, rheumatoid,Analgesic,Selective COX-2 inhibitor,Nonsteroidal anti-inflammatory (systemic),Anti-inflammatory, nonsteroidal (systemic),OA (osteoarthritis),Laxative, other,Antibiotic, penicillin (penicillinase sensitive),RA (rheumatoid arthritis),Dysmenorrhoea,Menstrual pain,Pain,COX-2 inhibitor (selective),Period pain,Osteoarthritis,Arthritis, osteo,NSAID, systemic"
15710001,"APO-Cephalexin Capsules",http://www.mydr.com.au/medicines/cmis/apo-cephalexin-capsules,11286,"Disopyramide,Cephalexin","Antibiotic, cephalosporin (first generation),ARC (AIDS related complex),Cephalosporin (first generation),Bacterial infection, systemic,Infection, bacterial (systemic),Antibiotic, penicillin (penicillinase sensitive),Beta-adrenergic agonist, beta1-selective"
84730001,"APO-Cephalexin Powder for Suspension",http://www.mydr.com.au/medicines/cmis/apo-cephalexin-powder-for-suspension,09821,"Disopyramide,Cephalexin","Antibiotic, cephalosporin (first generation),ARC (AIDS related complex),Cephalosporin (first generation),Bacterial infection, systemic,Infection, bacterial (systemic),Antibiotic, penicillin (penicillinase sensitive),Beta-adrenergic agonist, beta1-selective"
83610001,APO-Citalopram,http://www.mydr.com.au/medicines/cmis/apo-citalopram-tablets,09713,"Atenolol,Citalopram,Ipratropium bromide,Beclomethasone dipropionate,Ephedrine sulfate","Depression,Thyroid hormone,Antibiotic, penicillin (penicillinase sensitive),Mood disorder,SSRI (selective serotonin reuptake inhibitor),Affective disorder,5HT uptake inhibitor,Serotonin uptake inhibitor,Antidepressant, 5HT uptake inhibitor"
82000001,APO-Clarithromycin,http://www.mydr.com.au/medicines/cmis/apo-clarithromycin-tablets,09880,"Glucose,Clarithromycin,Magnesium chloride,Procaine hydrochloride,Mepivacaine hydrochloride,Pancrelipase","Antibiotic, macrolide,Antibiotic, penicillin (penicillinase sensitive),COAD (chronic obstructive airway disease),Chronic bronchitis,Airway obstruction, chronic,TB (tuberculosis),Airway limitation, chronic,Macrolide,CAL (chronic airway limitation),Bacterial infection, systemic,Bronchitis, chronic,Infection, bacterial (systemic)"
41900001,APO-Clindamycin,http://www.mydr.com.au/medicines/cmis/apo-clindamycin-capsules,11503,"Podophyllotoxin,Clindamycin","Helminth infestation,Bacterial infection, systemic,Infection, bacterial (systemic),Antibiotic, penicillin (penicillinase sensitive)"
86110001,"APO-Clopidogrel Blister",http://www.mydr.com.au/medicines/cmis/apo-clopidogrel-blister-tablets,10615,"Dexchlorpheniramine maleate,Clopidogrel,Pseudoephedrine sulfate","Coagulation disorder,Platelet aggregation inhibitor,Embolism,Thromboembolic disorder,Antibiotic, penicillin (penicillinase sensitive),Clotting disorder,Coagulopathy"
97290001,"APO-Clopidogrel Bottle",http://www.mydr.com.au/medicines/cmis/apo-clopidogrel-bottle-tablets,10616,"Dexchlorpheniramine maleate,Clopidogrel,Pseudoephedrine sulfate","Coagulation disorder,Platelet aggregation inhibitor,Embolism,Thromboembolic disorder,Antibiotic, penicillin (penicillinase sensitive),Clotting disorder,Coagulopathy"
96050001,APO-Clopidogrel/Aspirin,http://www.mydr.com.au/medicines/cmis/apo-clopidogrel-aspirin-tablets,10617,"Diltiazem hydrochloride,Clopidogrel,Acetylsalicylic acid,Clotrimazole,Aspirin","Angina pectoris, unstable,Platelet aggregation inhibitor,Antibiotic, penicillin (penicillinase sensitive),Fusion inhibitor,Myocardial infarction,Collagen disease"
84810001,"APO-Clotrimazole 3 and 6 Day Cream",http://www.mydr.com.au/medicines/cmis/apo-clotrimazole-3-and-6-day-cream,10391,"Pericyazine,Paraffin, white soft,Carmellose sodium,Clotrimazole","Candidiasis, vaginal,Vaginal candidiasis,Vaginitis, senile,Antibiotic, penicillin (penicillinase sensitive),Vaginal thrush,Thrush, vaginal,Myocardial infarction,Moniliasis, vaginal"
89490001,Apo-Diazepam,http://www.mydr.com.au/medicines/cmis/apo-diazepam-tablets,10195,"Cinchocaine hydrochloride,Salbutamol,Papaverine hydrochloride,Diazepam,Nifedipine","Anxiety state,Alcohol withdrawal,Skeletal muscle spasm,Antibiotic, penicillin (penicillinase sensitive),Anxiolytic,Withdrawal, alcohol,DTs (delirium tremens),Anaesthetic, oropharyngeal,Delirium tremens,Antiarrhythmic, class IB,Muscle relaxant, skeletal,Sedative,Benzodiazepine"
85040001,APO-Diclofenac,http://www.mydr.com.au/medicines/cmis/apo-diclofenac-tablets,09792,"Loperamide hydrochloride,Trimeprazine tartrate,Metronidazole,Ethacrynic acid,Lignocaine,Diclofenac sodium,Diphenoxylate hydrochloride,Allergen extracts,Lactobacillus acidophilus,Cetirizine hydrochloride","Rheumatoid arthritis,Nonsteroidal anti-inflammatory (systemic),Analgesic,Laxative, other,Anti-inflammatory, nonsteroidal (systemic),OA (osteoarthritis),Dysmenorrhoea,Antibiotic, penicillin (penicillinase sensitive),RA (rheumatoid arthritis),Pain,Menstrual pain,Osteoarthritis,Arthritis, osteo,Period pain,Rheumatoid condition,Arthritis, rheumatoid,NSAID, systemic"
42520001,APO-Dipyridamole/Aspirin,http://www.mydr.com.au/medicines/cmis/apo-dipyridamole-aspirin-modified-release-capsules,11535,"Aspirin,Dipyridamole,Acetylsalicylic acid,Pseudoephedrine sulfate,Dexchlorpheniramine maleate,Oxycodone hydrochloride,Dextropropoxyphene napsylate","Collagen disease,Fusion inhibitor,Coagulopathy,Clotting disorder,Platelet aggregation inhibitor,Coagulation disorder,Embolism,Antithrombotic,Thromboembolic disorder,Antiplatelet,Antibiotic, penicillin (penicillinase sensitive)"
97740001,APO-Donepezil,http://www.mydr.com.au/medicines/cmis/apo-donepezil-tablets,10704,"Nimodipine,Donepezil hydrochloride,Danaparoid sodium","Anticholinesterase,Alzheimer's disease,Hypotension, elective surgical,Antibiotic, penicillin (penicillinase sensitive),Dementia"
97850001,APO-Duloxetine,http://www.mydr.com.au/medicines/cmis/apo-duloxetine-capsules,10665,"Cinchocaine hydrochloride,AZT (azidothymidine),Immunoglobulin, normal (human),Immunoglobulin (hepatitis B),Ipratropium bromide,Beclomethasone dipropionate,Atenolol,Duloxetine","Anxiety state,Serotonin and noradrenaline reuptake inhibitor,Antidepressant, serotonin and noradrenaline reuptake inhibitor,SNRI,SNRI (serotonin and noradrenaline reuptake inhibitors),Anxiolytic,Mood disorder,Thyroid hormone,Affective disorder,Antibiotic, penicillin (penicillinase sensitive),Depression"
11120001,APO-Enalapril,http://www.mydr.com.au/medicines/cmis/apo-enalapril-tablets,11223,"Sodium bicarbonate,Azathioprine,Gamma globulin (human),Amitriptyline hydrochloride,Enalapril maleate","Hypertension,Antihypertensive,Antibiotic, penicillin (penicillinase sensitive),Congestive cardiac failure,CHF (congestive heart failure),Heart failure,CCF (congestive cardiac failure),ACE inhibitor,Fever,Angiotensin converting enzyme inhibitor,Diuretic, potassium sparing,Cardiac failure"
83090001,APO-Escitalopram,http://www.mydr.com.au/medicines/cmis/apo-escitalopram-tablets,09675,"Atenolol,Escitalopram,Ipratropium bromide,Beclomethasone dipropionate,Ephedrine sulfate","Depression,Thyroid hormone,Antibiotic, penicillin (penicillinase sensitive),Obsessive compulsive disorder,Mood disorder,SSRI (selective serotonin reuptake inhibitor),Affective disorder,5HT uptake inhibitor,Serotonin uptake inhibitor,Antidepressant, 5HT uptake inhibitor"
91000001,APO-Exemestane,http://www.mydr.com.au/medicines/cmis/apo-exemestane-tablets,10503,"Clonazepam,Exemestane,Triglycerides, medium chain,Sulfacetamide sodium","Carcinoma, breast,Cancer, breast,Mammary carcinoma,Antibiotic, penicillin (penicillinase sensitive),Oral inflammation,Breast carcinoma"
86810001,APO-Famciclovir,http://www.mydr.com.au/medicines/cmis/apo-famciclovir-tablets/patients-with-genital-herpes,10091,"Benzoyl peroxide,Methylprednisolone,Selenomethionine,Famciclovir","Viral infection,Shingles,Antibiotic, penicillin (penicillinase sensitive),Antiviral,Herpes labialis,Herpes simplex, genital,Herpes simplex, lip,Cold sore,Infestation, helminth,Herpes zoster,Genital herpes"
86810001,APO-Famciclovir,http://www.mydr.com.au/medicines/cmis/apo-famciclovir-tablets/patients-with-shingles,10094,"Selenomethionine,Famciclovir,Benzoyl peroxide,Methylprednisolone","Antiviral,Herpes labialis,Herpes simplex, genital,Herpes simplex, lip,Cold sore,Infestation, helminth,Herpes zoster,Genital herpes,Viral infection,Shingles,Antibiotic, penicillin (penicillinase sensitive)"
86810001,APO-Famciclovir,http://www.mydr.com.au/medicines/cmis/apo-famciclovir-tablets/patients-with-cold-sores,10345,"Selenomethionine,Famciclovir,Benzoyl peroxide,Methylprednisolone","Herpes simplex, genital,Herpes simplex, lip,Cold sore,Infestation, helminth,Herpes zoster,Genital herpes,Viral infection,Shingles,Antibiotic, penicillin (penicillinase sensitive),Antiviral,Herpes labialis"
93610001,"APO-Finasteride 5",http://www.mydr.com.au/medicines/cmis/apo-finasteride-5-tablets,10296,"Vincristine sulfate,Finasteride,Pneumococcal vaccine","Benign prostatic hyperplasia,Puberty, precocious,Prostatic hyperplasia, benign,Antibiotic, penicillin (penicillinase sensitive),BPH (benign prostatic hyperplasia)"
82610001,APO-Fluconazole,http://www.mydr.com.au/medicines/cmis/apo-fluconazole-capsules,09670,"Pindolol,Carmellose sodium,Interferon alfa-2b,Fluconazole,Teicoplanin,Carbidopa,Oxybutynin hydrochloride,Tetrabenazine,Retinol,Levodopa,Vitamin E acetate,Pericyazine,Paraffin, white soft","Dermatomycoses,Oral candidiasis,Thrush, vaginal,Moniliasis, oral,Tinea corporis,Oropharyngeal candidiasis,Hyperprolactinaemia,Fungal infection, systemic,Tinea cruris,Tinea pedis,Moniliasis, vaginal,Infection, fungal (systemic),Fungal infection, cutaneous,Antifungal, systemic,Infection, fungal (cutaneous),Vaginal candidiasis,Candidiasis, intestinal,Oral thrush,Fungal infection,Jock itch,Candidiasis, systemic,Candidiasis, oropharyngeal,Oropharyngeal thrush,Antifungal,Athlete's foot,Infection, fungal,Candidiasis, vaginal,Thrush, oropharyngeal,Vaginal thrush,Infestation, worm,Antibiotic, penicillin (penicillinase sensitive)"
84410001,"APO-Fluconazole One",http://www.mydr.com.au/medicines/cmis/apo-fluconazole-one-capsules,10550,"Pericyazine,Paraffin, white soft,Carmellose sodium,Fluconazole","Candidiasis, vaginal,Moniliasis, vaginal,Vaginal candidiasis,Antibiotic, penicillin (penicillinase sensitive),Vaginal thrush,Thrush, vaginal,Hyperprolactinaemia,Infestation, worm"
82440001,APO-Fluvoxamine,http://www.mydr.com.au/medicines/cmis/apo-fluvoxamine-tablets,09640,"Atenolol,Fluvoxamine maleate,Ipratropium bromide,Beclomethasone dipropionate","Depression,Antidepressant, 5HT uptake inhibitor,Thyroid hormone,Antibiotic, penicillin (penicillinase sensitive),Obsessive compulsive disorder,Mood disorder,SSRI (selective serotonin reuptake inhibitor),Affective disorder,5HT uptake inhibitor"
11280001,APO-Fosinopril,http://www.mydr.com.au/medicines/cmis/apo-fosinopril-tablets,10879,"Sodium bicarbonate,Azathioprine,Gamma globulin (human),Amitriptyline hydrochloride,Fosinopril sodium","Hypertension,Antihypertensive,Antibiotic, penicillin (penicillinase sensitive),Congestive cardiac failure,CHF (congestive heart failure),Heart failure,CCF (congestive cardiac failure),ACE inhibitor,Fever,Angiotensin converting enzyme inhibitor,Antiarrhythmic, class III,Cardiac failure"
82010001,"APO-Fosinopril HCTZ",http://www.mydr.com.au/medicines/cmis/apo-fosinopril-hctz-10-12-5-mg-tablets,09589,"Sodium bicarbonate,Amitriptyline hydrochloride,Hydrochlorothiazide,Fosinopril sodium","Hypertension,Diuretic, thiazide,Antihypertensive,Antibiotic, penicillin (penicillinase sensitive),Fever,Thiazide diuretic,Phaeochromocytoma,ACE inhibitor,Antiarrhythmic, class III,Angiotensin converting enzyme inhibitor"
95360001,APO-Frusemide,http://www.mydr.com.au/medicines/cmis/apo-frusemide-tablets,10577,"Sodium bicarbonate,Furosemide,Interferon alfa-2a,Azathioprine,Gamma globulin (human),Frusemide","Hypertension,Antibiotic, penicillin (penicillinase sensitive),Heart failure,Carcinoma, pancreas,Schistosoma infestation,Loop diuretic,Diuretic, loop,CHF (congestive heart failure),Oedema,CCF (congestive cardiac failure),Cardiac failure,Antidiabetic, sulfonylurea,Antihypertensive,Congestive cardiac failure"
84570001,APO-Gabapentin,http://www.mydr.com.au/medicines/cmis/apo-gabapentin-capsules,09757,"Dopamine hydrochloride,Gabapentin,Loratadine,Acetylcysteine","Epilepsy, partial,Paroxysmal dyspnoea,Anticonvulsant,Antibiotic, penicillin (penicillinase sensitive),Neuropathic pain,Noradrenaline reuptake inhibitor,Jacksonian epilepsy,Focal seizure,Seizure,Partial epilepsy,Convulsion"
94860001,"APO-Galantamine MR",http://www.mydr.com.au/medicines/cmis/apo-galantamine-mr-modified-release-capsules,10534,"Nimodipine,Galantamine,Danaparoid sodium","Anticholinesterase,Alzheimer's disease,Hypotension, elective surgical,Antibiotic, penicillin (penicillinase sensitive),Dementia"
84270001,"Apo-Gliclazide MR",http://www.mydr.com.au/medicines/cmis/apo-gliclazide-mr-modified-release-tablets,09732,"Frusemide,Carbachol,Pertussis vaccine,Gliclazide","Antidiabetic, sulfonylurea,Diabetes mellitus,Antibiotic, penicillin (penicillinase sensitive),Sulfonylurea,Hypertrophic subaortic stenosis,Warts"
84300001,APO-Glimepiride,http://www.mydr.com.au/medicines/cmis/apo-glimepiride-tablets,09718,"Frusemide,Glimepiride,Carbachol,Pertussis vaccine","Antidiabetic, sulfonylurea,Diabetes mellitus,Antibiotic, penicillin (penicillinase sensitive),Sulfonylurea,Hypertrophic subaortic stenosis"
94660001,APO-Hydroxychloroquine,http://www.mydr.com.au/medicines/cmis/apo-hydroxychloroquine-tablets,10551,"Loperamide hydrochloride,Betamethasone dipropionate,Cetirizine hydrochloride,Hydroxychloroquine sulfate,Aspirin,Adrenaline hydrochloride","Rheumatoid arthritis,Antibiotic, penicillin (penicillinase sensitive),Cancer, bladder,Arthritis, rheumatoid,Rickets,RA (rheumatoid arthritis),Collagen disease,Prostatic hyperplasia, benign,Malaria,Antimalarial"
95760001,"APO-Imiquimod Cream",http://www.mydr.com.au/medicines/cmis/apo-imiquimod-cream,10552,"Gliclazide,Imiquimod,Azelaic acid","Warts,Antidote, pesticide,Solar keratosis,Keratosis, solar,Antibiotic, penicillin (penicillinase sensitive),Cancer, basal cell,Basal cell carcinoma"
34010001,"APO-Indapamide SR",http://www.mydr.com.au/medicines/cmis/apo-indapamide-sr-modified-release-tablets,11504,"Sodium bicarbonate,Indapamide hemihydrate,Pamidronate disodium,Amitriptyline hydrochloride","Hypertension,Antihypertensive,Antibiotic, penicillin (penicillinase sensitive),Diuretic, sulfonamide,Fever"
82030001,APO-Ipratropium,http://www.mydr.com.au/medicines/cmis/apo-ipratropium-nebuliser-solution,09641,"Protease,Magnesium chloride,Procaine hydrochloride,Mepivacaine hydrochloride,Ipratropium bromide,Ketamine hydrochloride,Metoclopramide hydrochloride,Prilocaine hydrochloride,Pancrelipase,Potassium chloride","Asthma, bronchial,Airway obstruction, chronic,Chronic bronchitis,Airway limitation, chronic,Bronchial asthma,CAL (chronic airway limitation),Antibiotic, penicillin (penicillinase sensitive),Mood disorder,Asthma, treatment,Nephropathic cystinosis,Bronchodilator, anticholinergic,Bronchoconstriction,Anticholinergic bronchodilator,Bronchitis, chronic,Bronchospasm,COAD (chronic obstructive airway disease)"
97640002,APO-Irbesartan,http://www.mydr.com.au/medicines/cmis/apo-irbesartan-tablets-new-formulation,10645,"Sodium bicarbonate,Irbesartan,Lenograstim (rch),Amitriptyline hydrochloride","Hypertension,Antihypertensive,Antibiotic, penicillin (penicillinase sensitive),Angiotensin II receptor antagonist,Fever"
97960001,"APO-Irbesartan HCTZ",http://www.mydr.com.au/medicines/cmis/apo-irbesartan-hctz,10684,"Sodium bicarbonate,Irbesartan,Lenograstim (rch),Amitriptyline hydrochloride,Hydrochlorothiazide","Hypertension,Antihypertensive,Antibiotic, penicillin (penicillinase sensitive),Angiotensin II receptor antagonist,Fever,Thiazide diuretic,Phaeochromocytoma,Diuretic, thiazide"
92530001,APO-Isotretinoin,http://www.mydr.com.au/medicines/cmis/apo-isotretinoin-capsules,10436,"Bethanechol chloride,Nevirapine,Isotretinoin","Acne,Antibiotic, penicillin (penicillinase sensitive),Worm infestation"
86600001,APO-Lamotrigine,http://www.mydr.com.au/medicines/cmis/apo-lamotrigine-chewable-tablets,09929,"Dopamine hydrochloride,Lamotrigine,Loratadine,Acetylcysteine","Epilepsy, partial,Paroxysmal dyspnoea,Anticonvulsant,Antibiotic, penicillin (penicillinase sensitive),Jacksonian epilepsy,Focal seizure,Seizure,Partial epilepsy,Convulsion"
86160001,APO-Lansoprazole,http://www.mydr.com.au/medicines/cmis/apo-lansoprazole-capsules,09910,"Sumatriptan,Lansoprazole,Etoposide,Dacarbazine,Cisplatin,Carboplatin,Leuprorelin acetate","Gastroesophageal reflux disease,Mineral supplement,Reflux, gastroesophageal,Duodenal ulcer,Gastric hyperacidity,Gastric ulcer,Ulcer, peptic,Peptic ulcer,Antiulcerant,Proton pump inhibitor,Ulcer, duodenal,Beta-adrenergic blocker, beta1-selective,Ulcer, gastric,Hyperacidity, gastric,Antibiotic, penicillin (penicillinase sensitive),Reflux oesophagitis"
540001,"APO-Lansoprazole ODT",http://www.mydr.com.au/medicines/cmis/apo-lansoprazole-odt-orally-disintegrating-tablets,11648,"Sumatriptan,Lansoprazole,Etoposide,Dacarbazine,Cisplatin,Carboplatin,Leuprorelin acetate","Gastroesophageal reflux disease,Mineral supplement,Reflux, gastroesophageal,Duodenal ulcer,Gastric hyperacidity,Gastric ulcer,Ulcer, peptic,Peptic ulcer,Antiulcerant,Proton pump inhibitor,Ulcer, duodenal,Beta-adrenergic blocker, beta1-selective,Ulcer, gastric,Hyperacidity, gastric,Antibiotic, penicillin (penicillinase sensitive),Reflux oesophagitis"
94580001,APO-Latanoprost,http://www.mydr.com.au/medicines/cmis/apo-latanoprost-eye-drops,10557,"Paraffin, liquid,Latanoprost,Diatrizoate meglumine,Glucagon hydrochloride","Glaucoma,IOP (intraocular pressure), increased,Antibiotic, penicillin (penicillinase sensitive),Ocular hypertension,Intraocular hypertension"
21910001,APO-Latanoprost/Timolol,http://www.mydr.com.au/medicines/cmis/apo-latanoprost-timolol-eye-drops,11353,"Paraffin, liquid,Timolol,Latanoprost,Diatrizoate meglumine,Glucagon hydrochloride,Influenza virus vaccine","Glaucoma,Antibiotic, penicillin (penicillinase sensitive),Ocular hypertension,Intraocular hypertension,IOP (intraocular pressure), increased,Beta-blocker, nonselective (ocular),Beta-adrenergic blocker, nonselective (ocular)"
90260001,APO-Leflunomide,http://www.mydr.com.au/medicines/cmis/apo-leflunomide-tablets,10222,"Loperamide hydrochloride,Leflunomide,Cetirizine hydrochloride","Rheumatoid arthritis,Antidote, pesticide,RA (rheumatoid arthritis),Immunosuppressant,Antibiotic, penicillin (penicillinase sensitive),Arthritis, rheumatoid"
88100001,APO-Lercanidipine,http://www.mydr.com.au/medicines/cmis/apo-lercanidipine-tablets,10201,"Sodium bicarbonate,Lercanidipine hydrochloride,Amitriptyline hydrochloride,Verapamil hydrochloride","Hypertension,Antihypertensive,Antibiotic, penicillin (penicillinase sensitive),Fever,Calcium antagonist"
92540001,APO-Letrozole,http://www.mydr.com.au/medicines/cmis/apo-letrozole-tablets,10438,"Clonazepam,Letrozole,Triglycerides, medium chain,Sulfacetamide sodium","Carcinoma, breast,Tumour,Neoplasm,Antibiotic, penicillin (penicillinase sensitive),Cancer, breast,Oral inflammation,Mammary carcinoma,Breast carcinoma,Cancer"
86410001,APO-Levetiracetam,http://www.mydr.com.au/medicines/cmis/apo-levetiracetam-tablets,10033,"Dobutamine hydrochloride,Levetiracetam,Loratadine,Acetylcysteine,Dopamine hydrochloride","Epilepsy, tonic-clonic (grand mal),Anticonvulsant,Tonic-clonic epilepsy,Antibiotic, penicillin (penicillinase sensitive),Seizure,Convulsion,Focal seizure,Paroxysmal dyspnoea,Jacksonian epilepsy,Partial epilepsy,Epilepsy, myoclonic,Myoclonic epilepsy,Epilepsy, partial,Epilepsy, generalised,Grand mal epilepsy"
82120001,APO-Lisinopril,http://www.mydr.com.au/medicines/cmis/apo-lisinopril-tablets,09691,"Sodium bicarbonate,Lisinopril,Azathioprine,Gamma globulin (human),Clotrimazole,Amitriptyline hydrochloride","Hypertension,Antibiotic, penicillin (penicillinase sensitive),Congestive cardiac failure,Heart failure,CHF (congestive heart failure),ACE inhibitor,CCF (congestive cardiac failure),Angiotensin converting enzyme inhibitor,Myocardial infarction,Cardiac failure,Fever,Antihypertensive"
90570001,APO-Lorazepam,http://www.mydr.com.au/medicines/cmis/apo-lorazepam-tablets,10171,"Cinchocaine hydrochloride,Papaverine hydrochloride,Lorazepam,Nifedipine","Anxiety state,Anxiolytic,Benzodiazepine,Antibiotic, penicillin (penicillinase sensitive),Anaesthetic, oropharyngeal,Corticosteroid, anorectal,Sedative"
11490001,"APO-Macrogol Plus Electrolytes",http://www.mydr.com.au/medicines/cmis/apo-macrogol-plus-electrolytes-powder,10880,"Sodium bicarbonate,Macrogol 3350,Potassium chloride,Sodium chloride,Simvastatin","Hypertension,Constipation,Antibiotic, penicillin (penicillinase sensitive),Bronchospasm,Penicillin (antipseudomonal),Bowel sterilisation,Laxative, osmotic"
91040001,"APO-Meloxicam Capsules",http://www.mydr.com.au/medicines/cmis/apo-meloxicam-capsules,11614,"Loperamide hydrochloride,Flupenthixol decanoate,Allergen extracts,Cetirizine hydrochloride,Trimeprazine tartrate,Metronidazole,Diphenoxylate hydrochloride,Meloxicam","Rheumatoid arthritis,COX-2 inhibitor (selective),OA (osteoarthritis),Arthritis, osteo,RA (rheumatoid arthritis),Arthritis, rheumatoid,NSAID, systemic,Nonsteroidal anti-inflammatory (systemic),Anti-inflammatory, nonsteroidal (systemic),Laxative, other,Antibiotic, penicillin (penicillinase sensitive),Osteoarthritis,Selective COX-2 inhibitor"
96830001,"APO-Meloxicam Tablets",http://www.mydr.com.au/medicines/cmis/apo-meloxicam-tablets,10342,"Loperamide hydrochloride,Flupenthixol decanoate,Allergen extracts,Cetirizine hydrochloride,Trimeprazine tartrate,Metronidazole,Diphenoxylate hydrochloride,Meloxicam","Rheumatoid arthritis,COX-2 inhibitor (selective),OA (osteoarthritis),Arthritis, osteo,RA (rheumatoid arthritis),Arthritis, rheumatoid,NSAID, systemic,Nonsteroidal anti-inflammatory (systemic),Anti-inflammatory, nonsteroidal (systemic),Laxative, other,Antibiotic, penicillin (penicillinase sensitive),Osteoarthritis,Selective COX-2 inhibitor"
87200001,APO-Memantine,http://www.mydr.com.au/medicines/cmis/apo-memantine-tablets,10103,"Memantine hydrochloride","Alzheimer's disease,Hypotension, elective surgical,Antibiotic, penicillin (penicillinase sensitive)"
88690001,APO-Metformin,http://www.mydr.com.au/medicines/cmis/apo-metformin-tablets,10104,"Bumetanide,Metformin hydrochloride,Acetazolamide,Pertussis vaccine","Antidiabetic, biguanide,Diabetes mellitus,Antibiotic, penicillin (penicillinase sensitive),Biguanide,Hypertrophic subaortic stenosis"
98340001,"APO-Metformin XR",http://www.mydr.com.au/medicines/cmis/apo-metformin-xr-modified-release-tablets,10678,"Bumetanide,Metformin hydrochloride,Acetazolamide,Pertussis vaccine","Antidiabetic, biguanide,Diabetes mellitus,Antibiotic, penicillin (penicillinase sensitive),Biguanide,Hypertrophic subaortic stenosis"
13630001,APO-Metoclopramide,http://www.mydr.com.au/medicines/cmis/apo-metoclopramide-tablets,10881,"Gemfibrozil,Triglycerides, long chain,Benzyl benzoate,Metoclopramide hydrochloride,Pravastatin sodium,Nicotinic acid","Antiemetic, other,Antibiotic, penicillin (penicillinase sensitive),Ulcer, mouth,Emesis,Bronchodilator, anticholinergic,Vomiting,Nausea,Antinauseant, other"
99100001,APO-Metoprolol,http://www.mydr.com.au/medicines/cmis/apo-metoprolol-tablets,11606,"Sodium bicarbonate,Hepatitis A vaccine,Clotrimazole,Metoprolol tartrate,Diltiazem hydrochloride,Captopril","Hypertension,Antibiotic, penicillin (penicillinase sensitive),Beta-blocker, beta1-selective,Myocardial infarction,Blood fluke,Hypercholesterolaemia,Beta-adrenergic blocker, beta1-selective,Angina pectoris, unstable,Migraine, prophylaxis,Angina pectoris, stable,Antihypertensive"
82050001,APO-Mirtazapine,http://www.mydr.com.au/medicines/cmis/apo-mirtazapine-tablets,09531,"Atenolol,Mirtazapine,Calcipotriol,Botulinum toxin type A,Ipratropium bromide,Beclomethasone dipropionate","Depression,Antibiotic, penicillin (penicillinase sensitive),NaSSA (noradrenergic and specific serotonergic antidepressant),Noradrenergic and specific serotonergic antidepressant,Mood disorder,Antidepressant, other,Affective disorder,Thyroid hormone"
25530001,"APO-Mometasone Nasal Spray",http://www.mydr.com.au/medicines/cmis/apo-mometasone-nasal-spray,11224,"Patent blue V,Phytonadione,Bifidobacterium bifidum,Mometasone furoate","Nasal corticosteroid,Rhinitis,Corticosteroid, nasopharyngeal,Antibiotic, penicillin (penicillinase sensitive),Nasal polyps,Steroid, nasal,Cancer, colon,Sinusitis"
99380001,APO-Montelukast,http://www.mydr.com.au/medicines/cmis/apo-montelukast,10795,"Protease,Montelukast,Docosahexaenoic acid,Methoxyflurane,Prilocaine hydrochloride,Potassium chloride","Asthma, bronchial,Antibiotic, penicillin (penicillinase sensitive),Asthma, prophylaxis,Bronchoconstriction,Bronchial asthma,Bronchospasm,Rhinitis"
91980001,"APO-Mycophenolate Capsules",http://www.mydr.com.au/medicines/cmis/apo-mycophenolate-capsules,10439,"Mycophenolate mofetil","Organ rejection prophylaxis,Antidote, pesticide,Immunosuppressant,Antibiotic, penicillin (penicillinase sensitive)"
94900001,"APO-Mycophenolate Tablets",http://www.mydr.com.au/medicines/cmis/apo-mycophenolate-tablets,10966,"Mycophenolate mofetil","Organ rejection prophylaxis,Antidote, pesticide,Immunosuppressant,Antibiotic, penicillin (penicillinase sensitive)"
83660001,"APO-Nifedipine XR",http://www.mydr.com.au/medicines/cmis/apo-nifedipine-xr-controlled-release-tablets,09712,"Sodium bicarbonate,Amitriptyline hydrochloride,Captopril,Verapamil hydrochloride,Nifedipine","Hypertension,Antihypertensive,Antibiotic, penicillin (penicillinase sensitive),Fever,Angina pectoris, stable,Calcium antagonist,Sedative"
91900001,APO-Olanzapine,http://www.mydr.com.au/medicines/cmis/apo-olanzapine-tablets,10422,"Hydrocortisone,Ipratropium bromide,Beclomethasone dipropionate,Phenoxymethylpenicillin benzathine,Quinine sulfate,Prednisolone hexanoate,Olanzapine,Adrenaline,Sodium cromoglycate","Psychosis,Mood disorder,Affective disorder,Antimanic,Antipsychotic, other,Mood stabiliser,Hypothyroidism,Antibiotic, penicillin (penicillinase sensitive),Schizophrenia,Manic depressive state,Mania"
91820001,"APO-Olanzapine ODT",http://www.mydr.com.au/medicines/cmis/apo-olanzapine-odt-orally-disintegrating-tablets,10423,"Hydrocortisone,Ipratropium bromide,Beclomethasone dipropionate,Phenoxymethylpenicillin benzathine,Quinine sulfate,Prednisolone hexanoate,Olanzapine,Adrenaline,Sodium cromoglycate","Psychosis,Mood disorder,Affective disorder,Antimanic,Antipsychotic, other,Mood stabiliser,Hypothyroidism,Antibiotic, penicillin (penicillinase sensitive),Schizophrenia,Manic depressive state,Mania"
82480001,APO-Omeprazole,http://www.mydr.com.au/medicines/cmis/apo-omeprazole-tablets,09617,"Sumatriptan,Omeprazole,Etoposide,Dacarbazine,Cisplatin,Carboplatin,Megestrol acetate","Gastroesophageal reflux disease,Reflux oesophagitis,Duodenal ulcer,Reflux, gastroesophageal,Gastric ulcer,Ulcer, peptic,Peptic ulcer,Antiulcerant,Ulcer, duodenal,Beta-adrenergic blocker, beta1-selective,Proton pump inhibitor,Zollinger-Ellison syndrome,Antibiotic, penicillin (penicillinase sensitive),Ulcer, gastric"
91090001,"APO-Omeprazole Capsules",http://www.mydr.com.au/medicines/cmis/apo-omeprazole-capsules,10397,"Sumatriptan,Omeprazole,Etoposide,Dacarbazine,Cisplatin,Carboplatin","Gastroesophageal reflux disease,Antibiotic, penicillin (penicillinase sensitive),Ulcer, gastric,Reflux oesophagitis,Duodenal ulcer,Reflux, gastroesophageal,Gastric ulcer,Ulcer, peptic,Peptic ulcer,Antiulcerant,Ulcer, duodenal,Beta-adrenergic blocker, beta1-selective,Proton pump inhibitor"
82630001,APO-Ondansetron,http://www.mydr.com.au/medicines/cmis/apo-ondansetron-tablets,09645,"Nicotinic acid,Ondansetron,Lymphocyte immune globulin,Triglycerides, long chain,Benzyl benzoate,Pravastatin sodium","Nausea,Antibiotic, penicillin (penicillinase sensitive),Antiemetic, serotonin antagonist,Ulcer, mouth,Emesis,Vomiting,Antinauseant, serotonin antagonist"
86860001,APO-Oxazepam,http://www.mydr.com.au/medicines/cmis/apo-oxazepam-tablets,10045,"Cinchocaine hydrochloride,Salbutamol,Papaverine hydrochloride,Oxazepam","Anxiety state,Benzodiazepine,Alcohol withdrawal,Antibiotic, penicillin (penicillinase sensitive),Withdrawal, alcohol,Anxiolytic,Anaesthetic, oropharyngeal,DTs (delirium tremens),Pruritus, anogenital,Delirium tremens"
85930001,APO-Pantoprazole,http://www.mydr.com.au/medicines/cmis/apo-pantoprazole-tablets,09879,"Diphenhydramine hydrochloride,Cisplatin,Carboplatin,Megestrol acetate,Leuprorelin acetate,Pantoprazole,Morphine tartrate,Etoposide,Sumatriptan,Dacarbazine","Gastrinoma,Proton pump inhibitor,Peptic ulcer,Antiulcerant,Ulcer, gastric,Ulcer, duodenal,Beta-adrenergic blocker, beta1-selective,Reflux oesophagitis,Zollinger-Ellison syndrome,Antibiotic, penicillin (penicillinase sensitive),Reflux, gastroesophageal,Hyperacidity, gastric,Heartburn,Dyspepsia,Duodenal ulcer,Gastric hyperacidity,Gastroesophageal reflux disease,Gastric ulcer,Ulcer, peptic"
93990001,"APO-Pantoprazole Heartburn Relief",http://www.mydr.com.au/medicines/cmis/apo-pantoprazole-heartburn-relief-tablets,10392,"Sumatriptan,Pantoprazole,Leuprorelin acetate","Gastroesophageal reflux disease,Heartburn,Gastric hyperacidity,Beta-adrenergic blocker, beta1-selective,Antibiotic, penicillin (penicillinase sensitive),Proton pump inhibitor,Hyperacidity, gastric,Reflux oesophagitis"
83630001,"APO-Paracetamol/Codeine 500/30",http://www.mydr.com.au/medicines/cmis/apo-paracetamol-codeine-500-30-tablets,09711,"Codeine phosphate,Acetaminophen,Salcatonin,Paracetamol,Amitriptyline hydrochloride,Lithium carbonate,Lignocaine","Infection, ocular,Carcinoma, renal cell,Vasodilator, coronary,Pyrexia,Fever,Pain, severe,Antipyretic,Analgesic,Pain,Antibiotic, penicillin (penicillinase sensitive)"
86870001,APO-Perindopril,http://www.mydr.com.au/medicines/cmis/apo-perindopril-tablets,10031,"Sodium bicarbonate,Azathioprine,Gamma globulin (human),Amitriptyline hydrochloride,Perindopril erbumine","Hypertension,Antihypertensive,Antibiotic, penicillin (penicillinase sensitive),Congestive cardiac failure,CHF (congestive heart failure),Heart failure,CCF (congestive cardiac failure),ACE inhibitor,Fever,Angiotensin converting enzyme inhibitor,Cardiac arrhythmia, supraventricular,Cardiac failure"
67940001,APO-Pramipexole,http://www.mydr.com.au/medicines/cmis/apo-pramipexole-tablets,11617,"Menthol,Pramipexole hydrochloride monohydrate,Carboxymethylcellulose sodium","Nappy rash,Restless legs syndrome,Parkinsonism,Antiparkinsonian,Antibiotic, penicillin (penicillinase sensitive),RLS (restless legs syndrome)"
82080001,APO-Pravastatin,http://www.mydr.com.au/medicines/cmis/apo-pravastatin-tablets,09530,"Metoprolol tartrate,Haloperidol,Pravastatin sodium","Hypercholesterolaemia,Hyperlipidaemia,Antibiotic, penicillin (penicillinase sensitive),Antibiotic, quinolone,Vomiting"
92060001,APO-Prazosin,http://www.mydr.com.au/medicines/cmis/apo-prazosin-tablets,10441,"Sodium bicarbonate,Gamma globulin (human),Pneumococcal vaccine,Rubella vaccine, live,Vincristine sulfate,Amitriptyline hydrochloride,Prazosin,Cholestyramine,Azathioprine","Hypertension,CCF (congestive cardiac failure),Raynaud's disease,BPH (benign prostatic hyperplasia),Cardiac failure,Alpha-blocker,Antihypertensive,Benign prostatic hyperplasia,Antibiotic, penicillin (penicillinase sensitive),Congestive cardiac failure,Fever,Heart failure,Alpha-adrenergic blocker,CHF (congestive heart failure),Prostatic hyperplasia, benign"
88150001,APO-Prochlorperazine,http://www.mydr.com.au/medicines/cmis/apo-prochlorperazine-tablets,10072,"Nicotinic acid,Benzyl benzoate,Ammonium chloride,Capsaicin,Prochlorperazine maleate,Pravastatin sodium","Nausea,Antibiotic, penicillin (penicillinase sensitive),Emesis,Vertigo,Travel sickness,Antiemetic, phenothiazine,Phenothiazine,Antispasmodic, urinary,Antinauseant, phenothiazine,Vomiting,Motion sickness"
98720001,"APO-Prochlorperazine Nausea Relief",http://www.mydr.com.au/medicines/cmis/apo-prochlorperazine-nausea-relief-tablets,10705,"Nicotinic acid,Benzyl benzoate,Capsaicin,Prochlorperazine maleate,Pravastatin sodium","Nausea,Antinauseant, phenothiazine,Antibiotic, penicillin (penicillinase sensitive),Emesis,Antiemetic, phenothiazine,Antispasmodic, urinary,Vomiting,Phenothiazine"
1700001,APO-Propranolol,http://www.mydr.com.au/medicines/cmis/apo-propranolol-tablets,11625,"Sodium bicarbonate,Amiloride hydrochloride,Guaifenesin,Spironolactone,Triprolidine hydrochloride,Propranolol hydrochloride,Pertussis vaccine,Perindopril erbumine,Mumps vaccine, live,Diltiazem hydrochloride,Clotrimazole,Captopril,Hydrochlorothiazide","Hypertension,Stenosis, hypertrophic subaortic,Ventricular arrhythmia,Blood fluke,Thyrotoxicosis,SVT (supraventricular tachycardia),Migraine, prophylaxis,Antidepressant, tricyclic,Hypertrophic subaortic stenosis,Beta-adrenergic blocker, nonselective,Cardiac arrhythmia, supraventricular,Beta-blocker, nonselective,Cardiac arrhythmia, ventricular,Angina pectoris, unstable,Myocardial infarction,Antihypertensive,Angina pectoris, stable,Phaeochromocytoma,Antibiotic, penicillin (penicillinase sensitive)"
92080001,APO-Quetiapine,http://www.mydr.com.au/medicines/cmis/apo-quetiapine-tablets,10424,"Adrenaline,Sodium cromoglycate,Ipratropium bromide,Beclomethasone dipropionate,Phenoxymethylpenicillin benzathine,Quinine sulfate,Prednisolone hexanoate,Quetiapine","Manic depressive state,Mania,Mood disorder,Affective disorder,Antipsychotic, other,Antimanic,Hypothyroidism,Antibiotic, penicillin (penicillinase sensitive),Schizophrenia"
79500001,APO-Quinapril,http://www.mydr.com.au/medicines/cmis/apo-quinapril-tablets,08296,"Sodium bicarbonate,Quinapril,Azathioprine,Gamma globulin (human),Amitriptyline hydrochloride","Hypertension,Antihypertensive,Antibiotic, penicillin (penicillinase sensitive),Congestive cardiac failure,Heart failure,CHF (congestive heart failure),ACE inhibitor,CCF (congestive cardiac failure),Angiotensin converting enzyme inhibitor,Fever,Cardiac failure"
96070001,APO-Rabeprazole,http://www.mydr.com.au/medicines/cmis/apo-rabeprazole-tablets,10741,"Sumatriptan,Rabeprazole sodium,Etoposide,Dacarbazine,Carboplatin","Gastroesophageal reflux disease,Beta-adrenergic blocker, beta1-selective,Antibiotic, penicillin (penicillinase sensitive),Proton pump inhibitor,Ulcer, gastric,Duodenal ulcer,Reflux oesophagitis,Gastric ulcer,Reflux, gastroesophageal,Ulcer, duodenal,Antiulcerant"
42610001,APO-Raloxifene,http://www.mydr.com.au/medicines/cmis/apo-raloxifene-tablets,11389,"Gamma globulin (human),Raloxifene hydrochloride","CCF (congestive cardiac failure),Osteoporosis,Antibiotic, penicillin (penicillinase sensitive)"
83690002,"APO-Ramipril Capsules",http://www.mydr.com.au/medicines/cmis/apo-ramipril-capsules,10459,"Sodium bicarbonate,Azathioprine,Gamma globulin (human),Amitriptyline hydrochloride,Ramipril","Hypertension,Antihypertensive,Renal failure,Antibiotic, penicillin (penicillinase sensitive),Congestive cardiac failure,CHF (congestive heart failure),Heart failure,CCF (congestive cardiac failure),ACE inhibitor,Fever,Angiotensin converting enzyme inhibitor,Angioedema, hereditary,Cardiac failure"
99670001,"APO-Ramipril Tablets",http://www.mydr.com.au/medicines/cmis/apo-ramipril-tablets,11618,"Sodium bicarbonate,Azathioprine,Gamma globulin (human),Amitriptyline hydrochloride,Ramipril","Hypertension,Antihypertensive,Renal failure,Antibiotic, penicillin (penicillinase sensitive),Congestive cardiac failure,CHF (congestive heart failure),Heart failure,CCF (congestive cardiac failure),ACE inhibitor,Fever,Angiotensin converting enzyme inhibitor,Angioedema, hereditary,Cardiac failure"
33790001,APO-Ranitidine,http://www.mydr.com.au/medicines/cmis/apo-ranitidine-tablets,11354,"Diphenhydramine hydrochloride,Etoposide,Dacarbazine,Cisplatin,Carboplatin,Megestrol acetate,Ranitidine,Sumatriptan,Clioquinol","Gastrinoma,Duodenal ulcer,Ulcer, peptic,H2-antagonist,Gastric ulcer,Antiulcerant,Ulcer, gastric,Peptic ulcer,Beta-adrenergic blocker, beta1-selective,Reflux oesophagitis,Ulcer, duodenal,Antibiotic, penicillin (penicillinase sensitive),Reflux, gastroesophageal,Zollinger-Ellison syndrome,Scleroderma oesophagus,Gastroesophageal reflux disease,Histamine H2-antagonist,Heartburn"
96100001,APO-Riluzole,http://www.mydr.com.au/medicines/cmis/apo-riluzole-tablets,10626,"LCT (long chain triglycerides),Riluzole,MCT (medium chain triglycerides)","Amyotrophic lateral sclerosis,Hypotension, elective surgical,Antibiotic, penicillin (penicillinase sensitive),ALS (amyotrophic lateral sclerosis)"
89360001,APO-Risedronate,http://www.mydr.com.au/medicines/cmis/apo-risedronate,10148,"Gamma globulin (human),Risedronate sodium,Levarterenol acid tartrate","CCF (congestive cardiac failure),Osteoporosis,Antibiotic, penicillin (penicillinase sensitive),Bisphosphonate"
81770001,APO-Risperidone,http://www.mydr.com.au/medicines/cmis/apo-risperidone-tablets,09521,"Prednisolone hexanoate,Risperidone,Sodium cromoglycate,Ipratropium bromide,Beclomethasone dipropionate,Phenoxymethylpenicillin benzathine,Quinine sulfate,Danaparoid sodium","Schizophrenia,Stem cell factor (SCF), human,Mania,Mood disorder,Behavioural disorder,Affective disorder,Antimanic,Antipsychotic, other,Antibiotic, penicillin (penicillinase sensitive),Hypothyroidism,Dementia"
98570001,APO-Rosuvastatin,http://www.mydr.com.au/medicines/cmis/apo-rosuvastatin-tablets,10732,"Metoprolol tartrate,Rosuvastatin,Haloperidol","Hypercholesterolaemia,Hyperlipidaemia,Hypertriglyceridaemia,Antibiotic, penicillin (penicillinase sensitive),Antibiotic, quinolone"
82790001,APO-Roxithromycin,http://www.mydr.com.au/medicines/cmis/apo-roxithromycin-tablets,09665,"Glucose,Roxithromycin","Antibiotic, macrolide,TB (tuberculosis),Macrolide,Bacterial infection, systemic,Infection, bacterial (systemic),Antibiotic, penicillin (penicillinase sensitive),Anorectic"
31050001,"APO-Salbutamol Inhalation Ampoule",http://www.mydr.com.au/medicines/cmis/apo-salbutamol-inhalation-ampoule-nebulising-solution,11289,"Protease,Magnesium chloride,Rifampin,Procaine hydrochloride,Thiopentone sodium,Mepivacaine hydrochloride,Methoxyflurane,Bupivacaine hydrochloride,Ketamine hydrochloride,Salbutamol,Prilocaine hydrochloride,Albuterol,Pancrelipase,Potassium chloride,Albuterol","Asthma, bronchial,Chronic bronchitis,Airway obstruction, chronic,COPD,Bronchial asthma,Airway limitation, chronic,Sympathomimetic bronchodilator,Emphysema,CAL (chronic airway limitation),Asthma, prophylaxis,Bronchodilator, sympathomimetic,COLD (chronic obstructive lung disease),Nephropathic cystinosis,Asthma, treatment,Antibiotic, penicillin (penicillinase sensitive),Withdrawal, alcohol,COPD (chronic obstructive pulmonary disease),Bronchoconstriction,Chronic obstructive pulmonary disease,Bronchitis, chronic,COAD (chronic obstructive airway disease),Bronchospasm,Chronic obstructive pulmonary disease"
11540001,APO-Sertraline,http://www.mydr.com.au/medicines/cmis/apo-sertraline-tablets,11114,"Atenolol,Sertraline,Ipratropium bromide,Beclomethasone dipropionate,Ephedrine sulfate","Depression,Thyroid hormone,Obsessive compulsive disorder,Antibiotic, penicillin (penicillinase sensitive),Panic disorder,SSRI (selective serotonin reuptake inhibitor),Mood disorder,5HT uptake inhibitor,Affective disorder,Anxiolytic,Serotonin uptake inhibitor,Antidepressant, 5HT uptake inhibitor"
18870001,APO-Sildenafil,http://www.mydr.com.au/medicines/cmis/apo-sildenafil-tablets,11052,"Sodium phosphate,Sildenafil","Erectile dysfunction,Atrophic vaginitis,Impotence, male,Antibiotic, penicillin (penicillinase sensitive)"
23270001,"APO-Sildenafil PHT",http://www.mydr.com.au/medicines/cmis/apo-sildenafil-pht-tablets,11111,"Fluticasone propionate,Sildenafil,SSD (silver sulfadiazine)","Pulmonary hypertension, primary,Epilepsy, myoclonic,Antibiotic, penicillin (penicillinase sensitive),Pulmonary hypertension, secondary"
82580001,APO-Simvastatin,http://www.mydr.com.au/medicines/cmis/apo-simvastatin-tablets,09644,"Metoprolol tartrate,Haloperidol,Simvastatin","Hypercholesterolaemia,Hyperlipidaemia,Antibiotic, penicillin (penicillinase sensitive),Antibiotic, quinolone,Bowel sterilisation"
38270001,"APO-Sodium Valproate",http://www.mydr.com.au/medicines/cmis/apo-sodium-valproate-tablets,11415,"Dobutamine hydrochloride,Sodium cromoglycate,Ipratropium bromide,Beclomethasone dipropionate,Quinine sulfate,Valproate sodium,Sodium valproate,Loratadine,Dopamine hydrochloride,Acetylcysteine","Epilepsy, tonic-clonic (grand mal),Tonic-clonic epilepsy,Mania,Epilepsy, generalised,Seizure,Mood disorder,Jacksonian epilepsy,Anticonvulsant,Convulsion,Affective disorder,Petit mal epilepsy,Antibiotic, penicillin (penicillinase sensitive),Antimanic,Hypothyroidism,Absence seizure,Paroxysmal dyspnoea,Otitis externa, topical therapy,Myoclonic epilepsy,Focal seizure,Epilepsy, myoclonic,Epilepsy, partial,Grand mal epilepsy,Partial epilepsy,Epilepsy, absence (petit mal)"
